,text
0,"@WillyStanford3 @LynzforCongress I live in the actual district of .@RepHartzler you #cockwomble, and I live in the‚Ä¶ https://t.co/kOIk7GJWNb"
1,"In a completely unexpected turn of events, farm bankruptcies are up more than ever. Who would've thunk it?
#Farmers‚Ä¶ https://t.co/HZCbFZWIY8"
2,Trade War Has Damaged U.S. Chip Industry https://t.co/W3VtRFRfoZ #TradeWar #DamagedU.s.Chip
3,"Next #TradeWar ?
#US #Belarus #oil https://t.co/zCnxNYBmUv"
4,"@aslnmsti In the #economicwar, after the first phase, #coronavirus entered the circuit. Thus, phase 2 started. Next‚Ä¶ https://t.co/kzy9mo9Kpp"
5,ChiComs create/release Corona Virus. Pity for Chinese People. Kudos for ENDING #CCP! Oh... and we WIN the #TradeWar.
6,#Britain has officially left the #EU. Here's a look at the potential fallout. #UK #England #Brexit #EuropeanUnion‚Ä¶ https://t.co/G7HyqvRNnH
7,Singapore‚Äôs Leader Says Economic Rebound Depends on Global Calm üá∏üá¨ #asean #tradewar #wef20 #wef2020‚Ä¶ https://t.co/A6PWPv5wI8
8,"60% of Tennessee soybean crops were going to Chinese markets. 

*WERE* ‚Äî as in before Trump‚Äôs #tradewar ‚Äîbeing the‚Ä¶ https://t.co/j3epVw62ef"
9,"And one trouble follows another! 
Viruses:
#SwineInfluenza ‚û°Ô∏è #BlackDeath ‚û°Ô∏è #WuhanCoronvirus ‚û°Ô∏è #H5N1 
Political:‚Ä¶ https://t.co/aRJBxYiqq1"
10,Interested in learning more about the U.S.-#China #TradeWar? Read our new Backgrounder https://t.co/oGc0Kcy81r https://t.co/wCjQq5g5Nq
11,@GOPChairwoman @realDonaldTrump The most recent GDP number also proved that the tax cuts championed by Trump and th‚Ä¶ https://t.co/dMKHSZvoyR
12,"US #Oil Exports Could Explode After Once In A Lifetime Power Shift In #China 

https://t.co/zhEB2pOfrH

#energy‚Ä¶ https://t.co/fMVn2NyqLQ"
13,"Disappointing !! India has lost steel to compete, accept supremecy of #China young India is tamed without fight‚Ä¶ https://t.co/0ytrJSt20c"
14,"Disappointing !! India has lost steel to compete, accept supremecy of #China young India is tamed without fight‚Ä¶ https://t.co/OimLwQLLqz"
15,#coronarovirus impact on the #economy will camouflage the prolonged negative effects of last year‚Äôs #tradewar created by #Trump
16,"So in the early days of #globalization (circa 1800s), #China &amp; #India we‚Äôre responsible for over 60% of global‚Ä¶ https://t.co/NATZNlIYAk"
17,"#TradeWar What can you expect in mid 2020s? You can expect a crisis like the one happened in early 1930s, but lasts‚Ä¶ https://t.co/uu5tC8menn"
18,"End All Tariffs, Trade Restrictions, Trade Wars, Sanctions, and Embargoes @JacobForLiberty #TradeWar #FreeTrade‚Ä¶ https://t.co/eErd1oPDZj"
19,"Imagine a fictitious world where you have:

- Plague #coronavirus 
- Poverty #wealthgap
- Protectionism #tradewar‚Ä¶ https://t.co/GkTx7v5vGt"
20,"#ArtemisFundManagers'¬†US equities manager¬†Cormac Weldon gives his take on the #TradeWar between the #US &amp; #China, a‚Ä¶ https://t.co/qS5OG3R4r8"
21,Who else is patiently waiting on the news: the US is cutting ALL tariffs on CHINA to help our friends in NEED! By‚Ä¶ https://t.co/eWfyWoZKgW
22,Lilian Co reflects on the positive impacts of December and how these could translate to future market confidence.‚Ä¶ https://t.co/l76urmXT7k
23,I bet the #Wuhan #virus has exacerbated #China's precarious economic situation caused by the trade war with the‚Ä¶ https://t.co/0bGUydJ64N
24,Conspiracy Theory? #coronarovirus is a result of #USChina #tradewar to weaken China &amp; to turn the rest of the world‚Ä¶ https://t.co/DGhY3TUWma
25,Gilead Sciences said it is sending an experimental antiviral drug to China for emergency treatment of coronavirus p‚Ä¶ https://t.co/MhKCLC3Y68
26,We are here to thrive on this planet. All of us! Its our birthright. Too much competition is killing us. Tradewars‚Ä¶ https://t.co/C4I4e1MxYE
27,"‚ÄûIf countering China is, in fact, the top priority for the United States, then a trade war with Europe is at best a‚Ä¶ https://t.co/t6b6bejzlo"
28,"#TradeWar Why building the US-Mexico wall? What to prevent?

Fear mongering and anti-discrimination action amid the‚Ä¶ https://t.co/VWzvWHVlHn"
29,"Malaysia #FBMKLCI via $EWM fresh 52w low &amp; 5 yr chart , $25-23s here we go in 2/3Q20 .... it's easy to put the blam‚Ä¶ https://t.co/VgbiOaATO2"
30,"#TradeWar Why building the US-Mexico wall?

Bill Gates asked himself a year ago how bad a virus could do for humans‚Ä¶ https://t.co/rItjiPYS0N"
31,Why media didn‚Äôt report and the world didn‚Äôt react on #H1N1 in the U.S like this?It affected much more!Just because‚Ä¶ https://t.co/eiQymPunTB
32,All is well! #impeachment #coronavirus #iran #tradewar #presidents #hookers #potus https://t.co/XgLgSKGD6J
33,It is a very simple process of selling democracy to the highest bidder #predictingtrump #RIPAmerica #GOPCowards‚Ä¶ https://t.co/MxJqtHmFdl
34,#Farm Bankruptcies Soared 20% Amid #DonaldTrump's  Failed #TradeWar. It's The Highest Rate In 8 Years. Losing !!‚Ä¶ https://t.co/QJ3mbKny0S
35,"@Reuters #TradeWar Why building the US-Mexico wall?

Bill Gates asked himself a year ago how bad a virus could do f‚Ä¶ https://t.co/wX7YMmgO1M"
36,"#TradeWar Why building the US-Mexico wall?

Bill Gates asked himself a year ago how bad a virus could do for humans‚Ä¶ https://t.co/e9dp2N1E2i"
37,"@business #TradeWar Why building the US-Mexico wall?

Bill Gates asked himself a year ago how bad a virus could do‚Ä¶ https://t.co/QoB3hzpFuq"
38,"Despite #Trump's wishful thinking about #tradewar, #huawei's still gaining momentum in #software sector... #MAGA =‚Ä¶ https://t.co/tcTuXfCYUw"
39,"Disappointing !! India has lost steel to compete, accept supremecy of #China young India is tamed without fight‚Ä¶ https://t.co/VOPt03cgb3"
40,"@dwnews #TradeWar Why building the US-Mexico wall? What to prevent?

Bill Gates' prediction comes true.

Why there‚Ä¶ https://t.co/P2uMrUuyTZ"
41,"#MAGA FARMERS - BANKRUPTCIES SURGE

UP 20% despite aid efforts from #Trump

A SOCIALIST HANDOUT

He allocated $28 b‚Ä¶ https://t.co/bhFdFY614I"
42,"DON'T LET DOUGAL DO A FUNERAL

#tradewar #BrexitReality https://t.co/6V6T1AO3o3"
43,"A Deeper Look at the Chinese Economy, From Mao to Xi Jinping and Donald Trump, by Dr. Antonio Graceffo, available o‚Ä¶ https://t.co/7G04Q2gCFq"
44,"New York (DNN) The Dow Jones Industrials plummeted 603 points (2.1%) Friday, as Dionisio forecast. #TradeWar,‚Ä¶ https://t.co/XwANMxDeq3"
45,"@SRuhle @ShannonFreshour With soybean prices 17% below what they were before the #TradeWar, this shouldn‚Äôt surprise‚Ä¶ https://t.co/cIx9L7xfUG"
46,"New York  (DNN) The Dow Jones Industrials plummeted 603 points (2.1%) Friday, as Dionisio forecast. #TradeWar,‚Ä¶ https://t.co/SMc41GF7Xj"
47,"On track for 2020 H2 #USA #Recession !

All the wrong economic prescription by #WhiteHouse

#TaxcutsüëâZero‚Ä¶ https://t.co/boippzF8VF"
48,"#Brexit Is ""Not An End But A  #Beginning"", Boris Johnson Says

#worldpowers #climatesecurity  #unsc  #eu  #breaking‚Ä¶ https://t.co/BNXRUlJSmM"
49,#China #coronavirus: The need for stimulus is much more real than in 2019: the negative impact of the #tradewar was‚Ä¶ https://t.co/EGk2MhJtf0
50,@gman_in_gville #Winning #tradewar is easy
51,"While the #TradeWar has had its fair share of negative impact, it has certainly benefited domestic M&amp;A. #Merger‚Ä¶ https://t.co/lNr9QMG3Lp"
52,"https://t.co/0GTq2uJjPm
Nearly $1-Million In Counterfeit Bills From #China Seized At Canadian Border. 

I wont trad‚Ä¶ https://t.co/Csr0YdUBZM"
53,Crop Prices Dip Despite Trade Deals -- The Wall Street Journal @USDA #tradewar #USMCA #commodities #Coronavirus https://t.co/EzQp5ksrMc
54,"Key  #US  #Inflation Gauge Rose Just 1.6% In 2019: Official

#economy #tradewar #worldpowers #climatesecurity #unsc‚Ä¶ https://t.co/us4cfTg6jt"
55,Did #US #Commerce #Scum #WilburRoss Say That #coronarvirus Will Bring Back #Jobs To #USA?WTF?No Respect To Human Li‚Ä¶ https://t.co/DKMGPOrUBT
56,The coronavirus may do more to hasten decoupling of the US from China than any #tradewar.  https://t.co/QpCTbhM4Uq
57,Phase 1 of the U.S.-China trade deal promises economic relief for farmers... eventually. Here is HUB‚Äôs advice on th‚Ä¶ https://t.co/LBctU2AILa
58,More farmers are filing for #bankruptcy or committing #Suicide #TradeWar hurts #families https://t.co/IPh30NmP4g
59,U.S. economy misses Trump's 3% growth target in 2019 | #USMCA #tradewar #PromisesMadePromisesKept #kag2020  https://t.co/pgeFd2GU2c
60,"""China‚Äôs imports from the United States, badly hit by the prolonged U.S.-Sino #tradewar, were nearly halved in 2019‚Ä¶ https://t.co/xgHpZ3jyNK"
61,"@nsitharaman ,U missed to take benefits of #tradewar , now its last opportunity, don't miss to grab business of chi‚Ä¶ https://t.co/55YhnTpvEY"
62,"Here‚Äôs what small businesses, slammed by China tariffs, are doing to minimize the impact of the trade war: @CNBCi‚Ä¶ https://t.co/Wq7VTK2FyP"
63,Mapping The World's Trade Domination: USA &amp; China's Clout Since 1980 https://t.co/WhY4JfXSR3 @howmuch_net #corpgov‚Ä¶ https://t.co/dUDo8neVkB
64,"#Trump's #economy:

- 2.3% growth for 2019
- Q4 marked 3rd straight qrtr of declining corporate investment, despite‚Ä¶ https://t.co/9yDuymVH8f"
65,"The Trump trade war.... #FAIL #TradeWar #TariffsAreTaxes 

Farm bankruptcies jump to highest level since 2011 as Tr‚Ä¶ https://t.co/r5ADQxEtty"
66,"Remember when #Brexit was going to cause a crash?

Its now going to happen with no crash, no crisis, no bear market‚Ä¶ https://t.co/4LjHB1Kehi"
67,".@JasonOrestes' ""holistic"" view of #Trump's #tariffs/#tradewar is just what the doctor ordered for the conventional‚Ä¶ https://t.co/VB6C1rBDph"
68,2020 01 31 The Opportunity of Brexit. Correction EUR/USD 30 minutes #EURUSD #EURGBP #GBPUSD #OpportunityBrexit‚Ä¶ https://t.co/RSYy00XWD1
69,2020 01 31 The Opportunity of Brexit. Correction EUR/GBP 30 minutes #EURUSD #EURGBP #GBPUSD #OpportunityBrexit‚Ä¶ https://t.co/W2DUxvH2RY
70,"(2/6) Anger is growing across Indonesia towards the EU. Just as EU lawmakers, farmers and NGOs have lined up agains‚Ä¶ https://t.co/mKlqJK0Ba7"
71,2020 01 31 The Precious Metals Opportunity. Correction XAG/USD 1 Month #XAUUSD #XAGUSD #XPTUSD #XPDUSD #TradeWar‚Ä¶ https://t.co/eh48CDBdd7
72,@Olympics @japansociety @drjwalk See how the US/China #TradeWar will expand to other arenas this year in our‚Ä¶ https://t.co/ncPJeYnSZn
73,2020 01 31 The Precious Metals Opportunity. Correction XAU/USD 1 Month #XAUUSD #XAGUSD #XPTUSD #XPDUSD #TradeWar‚Ä¶ https://t.co/zXYYcNOOks
74,"The Trump effect.

#Tradewar
#Tariffs
#MAGA
#Trump
#Wisconsin https://t.co/lU8M9LapY4"
75,"#Israel, PA on brink of trade war as Jerusalem bans West Bank imports #Palestinians #tradewar  https://t.co/MJ9Svh3aC6 via @timesofisrael"
76,"@axios @versharma Dear Iowa, trump lied, his #TradeWar and #Tariffs have obliterated the family farms. He should ha‚Ä¶ https://t.co/pVR1SH3eRK"
77,"Surely by now #farmers are prospering because of #Trump's #tradewar with #China.
https://t.co/7qRzIpraJ9
#IdiotInChief #agriculture"
78,"The U.S. will Expand Existing #Tariffs on Steel and Aluminum Based Products.
#SteelIndustry #TradeWar #Regulations‚Ä¶ https://t.co/zB52DAKgmS"
79,"THIS is what happens when you give the #Xiwinger #CCP breathing room in a #crisis be it #Wuhan, #HongKong, or the‚Ä¶ https://t.co/aXI6C0DA2e"
80,China is being attacked #tradewar #coronavirus
81,"Gartner polls #risk, #audit &amp; #compliance executives each quarter about #EmergingRisks. Get the report here.‚Ä¶ https://t.co/Ysnk9oJKb8"
82,@rafaelbboa better than #tradewar
83,".@qimagroup: After a tough 2019, global brands enter 2020 with clearer vision for navigating trade wars, upholding‚Ä¶ https://t.co/6CI8zZbw63"
84,See how U.S. stocks rallied in 2019 as investors shrugged off lingering trade and economic uncertainty.‚Ä¶ https://t.co/tY7GhzQZKv
85,#Socialism is only acceptable in the #USA for #Caucasian #Americans. #WhitesOnly #TheNewJimCrow #TradeWar‚Ä¶ https://t.co/moTDVoxcpy
86,"In the wake of this crisis, we want to first express our thoughts and prayers for those affected by the virus.¬† Thi‚Ä¶ https://t.co/QaTOpOwbBc"
87,"#XiJinping plays the wrong card vs ‚Å¶@realDonaldTrump‚Å© US will not rollback imposed tariffs.

Phase 1 #tradedeal is‚Ä¶ https://t.co/cA0vNdUaRV"
88,"Gains from trade through gravity variables can be higher than the cost of autarky in the literature, since gravity‚Ä¶ https://t.co/kbqLiK6ArC"
89,"Each one is different, and we are all the same, but we need to understand #globalization to work together and unite‚Ä¶ https://t.co/lPpcZuMQV6"
90,U.S. #farm #bankruptcies hit an eight-year high: court data #reuters #agriculture #trade #tradewar #chinatrade‚Ä¶ https://t.co/iUET0p2WGB
91,"üá®üá≥ China's Trade Balance by Country

China exports $2.5 trillion worth of goods to other countries and has a trade‚Ä¶ https://t.co/V07cVJT8rL"
92,@mjfree @GOP Time to talk dismal 2.3% GDP in 2019 #tradewar + tax bill that did not pay for itself + 1T deficit the‚Ä¶ https://t.co/tiEHn2wjkf
93,"ICYMI, my latest #RealityChek post explains why the new US #GDP figures entitle #Trump &amp; backers of his #trade poli‚Ä¶ https://t.co/yvrKNC2GXV"
94,Traders say part of the recent pressure on agricultural prices is due to the spread of coronavirus: #farming‚Ä¶ https://t.co/NY0z1OSIm0
95,US Farm Bankruptcies Jumped 20 Percent in 2019 Despite Federal Aid -- The Hill @FarmBureau @USDA #farmaid #tradewar‚Ä¶ https://t.co/j9tiehan9L
96,"‚ÄúIf we don‚Äôt win, your #farms are going to hell, I can tell you right now,‚Äù Trump bellowed at a rally in Iowa, igno‚Ä¶ https://t.co/t5ijkBnZsl"
97,"But yet they don't open their eyes to the failures of Republican policies and failed promises. #tradewar 

#farmers‚Ä¶ https://t.co/nyQymIEIt9"
98,"Look at this creepy crawly slime bag.

US commerce secretary #WilburRoss says #CoronavirusOutbreak in #China could‚Ä¶ https://t.co/StBbrrWsXL"
99,#SteveBannon | Real Time with @BillMahr It's interesting looking back. #Hillary #Bernie #Bloomberg #Populism‚Ä¶ https://t.co/y6iVet6DSk
100,@JenniferHYChan @TheAwkwardGOP @tradedeal My opinion to put #coronavirus &amp; #china #usa #tradewar into same mentions‚Ä¶ https://t.co/XvQhiyBjX0
101,Publication | #China: Truce in #TradeWar. #2020 is getting off to a better start. Activity shows signs of recoverin‚Ä¶ https://t.co/1UhsyUQCfh
102,"An infrastructure can be built, a #TradeWar will win #GOPTAXSCAM can make amazon Facebook and apple pay their taxes‚Ä¶ https://t.co/KIOHQu7eMZ"
103,"US #Oil Exports Could Explode After Once In A Lifetime Power Shift In #China 

https://t.co/q7YRNIZhtp

#energy‚Ä¶ https://t.co/Ap1sgEsktX"
104,"Trump inks 'historic' North American trade deal
#Trump #tradewar #TradeDeals 

Read more: https://t.co/vChec2uV8t https://t.co/j5cnG8PGii"
105,"#Hope #USA #GDP Growth at Slowest Since 2016, Complicating #Trump's Pitch~What's Happening #GOPTaxCuts #tradewar Th‚Ä¶ https://t.co/zkwuT2YkQN"
106,#Iowa knows no one is responsible for more dead cows and farmers than @realDonaldTrump and his #Failed #tariffs and #tradewar
107,"#Brexodus: #EU Chief Von Der Leyen Warns UK There Is No Strength In 'Splendid Isolation'

#worldpowers‚Ä¶ https://t.co/jNuxlpuB0t"
108,"WHO declares coronavirus outbreak an international health emergency.

https://t.co/gFzU1MABXd

#emergency‚Ä¶ https://t.co/SwMMnc31y4"
109,"How China Weaponized the Global Supply Chain

#china #shipsandshipping #ports #shipbuilding #tradewar #globaltrade‚Ä¶ https://t.co/Qpc8fAkdEo"
110,"Bold statement: The common flu kills 80,000+ per year. The #coronavirus has yet to break 1,000. 
It‚Äôs my opinion th‚Ä¶ https://t.co/9AHX2No4h6"
111,"US Farm Bankruptcies Jump 20% in 2019 Despite Bailout  https://t.co/hKlZ6gmRKY So while Trump was bragging in Iowa,‚Ä¶ https://t.co/P3wONC23mB"
112,"#Eurozone Growth Slowed Sharply To 1.2% In 2019

#economy #brexit #eu #us #markets #recession #technology #trade‚Ä¶ https://t.co/qfndiTsIAG"
113,Prolonged trade disputes have catapulted the world economy into a significant deterioration in 2019. This threatens‚Ä¶ https://t.co/pud61ta0QI
114,"Even $28 billion subsidy Tax Payers money couldn't stop 20% off #farmers filling for #bankruptcycode 

So much for‚Ä¶ https://t.co/FPegoCW1sH"
115,"Only a desperate Commerce Secretary‚Äî @SecretaryRos ‚Äîcan ""celebrate"" a serendipity resulted from a disaster‚Äî‚Ä¶ https://t.co/gVFLKpe8rP"
116,The Foreign Affairs Ministry said yesterday that Cambodia‚Äôs #ForeignPolicy faces huge challenges from‚Ä¶ https://t.co/zOXV3QmE5D
117,'If China's GDP drops below 5% it will be a political disaster': latest #tradewar podcast analyses the implications‚Ä¶ https://t.co/IWJbpK2NGR
118,"It can take up to a year for a new factory to come online. 

Companies that started the relocation process in late‚Ä¶ https://t.co/3xMefhbNT3"
119,Interesting pseudo sanction of China https://t.co/kFTGXVhi64 #coronavirus #tradewar
120,"#Trump will put US firms first in UK trade talks, says ambassador. #Blog1600Penn #TradeWar 

https://t.co/r30snWJ7yi"
121,2020 01 31 Supply Chain and Transport. Co-Curated with K√ºhne Logistics University in Strategic Intelligence of the‚Ä¶ https://t.co/7N6Hswcsq9
122,"#JustAsking - Does #coronarvirus has to do something with #uschinatradedeal or #tradewar ?
#CoronavirusWho"
123,"@CalebJHull Things to do rather than watch Schiff?Work on proposals for peace in Palestine,Afghanistan,Syria,NorthK‚Ä¶ https://t.co/hnukoJm4mC"
124,This will bring discrimination between the other part of the world and Asians. #tradewar #CoronavirusOutbreak
125,The #USChina #phaseone deal is unlikely to provide a big boost to the #globaleconomy for two reasons. Read our arti‚Ä¶ https://t.co/ojx1FECTuf
126,"Bitcoin Rallies to Near $9,150 as Stocks Drop Over Coronavirus Fears https://t.co/1YET00gVZg #blockchain‚Ä¶ https://t.co/x0gJC8swIQ"
127,"#Iowa #tradewar would never happen under @JoeBiden leadership. #CaucusForJoe: @IowaforJoeBiden , @JoeForIA‚Ä¶ https://t.co/9whq5GTgLs"
128,"""Lessons From Phase One of the #TradeWar With #China""
https://t.co/Pwjb46xYDK"
129,"China manufacturing exodus, US trade war tariffs spur investment in Malaysia‚Äôs ‚ÄòSilicon Valley‚Äô #Malaysia #tradewar‚Ä¶ https://t.co/7hFabSCzqt"
130,"""Completely ignoring the #damage that his #tradewar has done, #Trump warned #Iowa #farmers that if he isn‚Äôt reelect‚Ä¶ https://t.co/tZ2NPwG9Cg"
131,"As the trade war between the US and China stabilizes, Vietnam has progressively ramped up manufacturing, attracting‚Ä¶ https://t.co/dwIHIE7VSX"
132,China‚Äôs US soybean imports soar in wake of phase one trade war deal #China #china #tradewar #tradedeal #soybeans‚Ä¶ https://t.co/E4KDa3D01a
133,Farmers have been hit hard by bad weather and the #tradewar  https://t.co/dD7WpkEAoa
134,"@NickKristof ""#President Trump and some business leaders are in awe of Xi Jinping's China,"" Not only is President‚Ä¶ https://t.co/mkwMcGhxIU"
135,@psychdr100 Maybe it means we're entering a new kind of war with China? Guess the #tradewar waynt going so well üòè
136,"@steverey42 @EricRWeinstein Eric tells us ""my boss does not dictate my views,"" yet predictably, Eric is extremely n‚Ä¶ https://t.co/0ERD2vIvXT"
137,US Boat Manufacturer on Trumps amazing America First Trade Deal hurting US companies but NOT their International co‚Ä¶ https://t.co/yRvtLiJo05
138,"@realDonaldTrump #tradewar are easy to win, just Bankrupt you Country! #farmers, #truckers, #retailersfor5trillion,‚Ä¶ https://t.co/nuD0kSB0HT"
139,Their farms have #ALREADY gone to #Hell @realDonaldTrump &amp; it's been #ALL_YOU_DOING! #LyingBasta You're‚Ä¶ https://t.co/3eCoaleYJr
140,@ludicrxus This looks to me like someone wanted to associate the virus with the video game PRIOR to the outbreak an‚Ä¶ https://t.co/kVFX4RMxIY
141,Why is the #phaseone deal‚Äôs bilateral dispute settlement mechanism a poor alternative to the #WTO Appellate Body? R‚Ä¶ https://t.co/jkB4QogRPQ
142,"Exclusive: New tensions surface over #USA-#Mexico seasonal #farm #trade

#Farming #Agriculture #TradeWar‚Ä¶ https://t.co/8kpYdYQUYT"
143,"@balajis #Coronavirus Could Bring Jobs Back to U.S.A ~ @WilburRoss

The Commerce Secretary said the virus, while ‚Äúv‚Ä¶ https://t.co/CtnvH1kIUw"
144,"@TrumpWarRoom @realDonaldTrump But unfortunately it has turned into a socialist program for #Farmers. Sad.

#resist‚Ä¶ https://t.co/iDTRiiULAX"
145,I guess huge bailouts and trade wars don't benefit US farmers at all ü§∑üèª‚Äç‚ôÇÔ∏è #maga #trump #tradewar #FarmLife‚Ä¶ https://t.co/1IKGxqNtCE
146,"@realDonaldTrump hey, not a very good job on 1500 US Steel workers being laid off. All because of your ridiculous t‚Ä¶ https://t.co/bpjr51R8BR"
147,"Hmmü§î #tradewar #CoronavirusOutbreak #coronavirus #nCoV 
US Commerce Sec. Ross touts the impact that the coronavirus‚Ä¶ https://t.co/V1QNN24bOU"
148,"#China‚Äôs #Economic Woes Going into 2020 Part 2
By Dr. Antonio Graceffo, 
Many factories will be suspending work bec‚Ä¶ https://t.co/jqlCrGgNNS"
149,"A Short Course on the Chinese Economy, by Dr. Antonio Graceffo, available on Amazon
#china #economy #tradewar‚Ä¶ https://t.co/8dO1UVL0oc"
150,"China manufacturing exodus, US trade war tariffs spur investment in Malaysia‚Äôs ‚ÄòSilicon Valley‚Äô, reports‚Ä¶ https://t.co/NZadIMuRyD"
151,"ICYM New report Who suffered most from China's giant sucking sound? From 2001 to 2018, California lost 654 k jobs t‚Ä¶ https://t.co/DvXClmma5c"
152,"1/ For first #EconoFactConference, @WilliamHOverhol, @rkyte365, @MKleinEF, @FletcherSchool alumn  Brad Meslin and‚Ä¶ https://t.co/w1BsPTGKC0"
153,". Other than the part about the #BeltandRoad which overhypes the reality, the piece offers some interesting proposa‚Ä¶ https://t.co/tPYPoty0Z3"
154,@Breaking911 That's because @POTUS started it in retaliation for the #tradewar
155,So happy the british are finally gone. No lets kick their asses. #BrexitEve #tradewar
156,"""U.S. farms faced a surge of #bankruptcies in 2019, up 20% despite...Trump's administration allocated $28 billion i‚Ä¶ https://t.co/QA8m403StD"
157,So it's great that the #China #trade #deficit came down dramatically last year thanks in large part to #Trump's‚Ä¶ https://t.co/6XJFzSxqyA
158,"After the temporary trade deal with China, these following trade wars might attract investors‚Äô attention in the nex‚Ä¶ https://t.co/qrhYlsBM1X"
159,U.S. farm bankruptcies hit an eight-year high: court data https://t.co/IZsiAaIzCn If Trump wants to run on the econ‚Ä¶ https://t.co/0u033dh41v
160,üî• Hot off the press: ‚ÄúHKSTP boost AI and robotics R&amp;D; Google shuts China offices‚Äù https://t.co/Lq4XySfN3c #AsiaAI‚Ä¶ https://t.co/Q67mshAhjM
161,Is Latin America growing according to premeters? How trade agreements affect Latin American economies? Listening to‚Ä¶ https://t.co/8gRHk5p7en
162,The President announces expansion of Section232 #tariffs expected to affect millions of dollars in US imports‚Ä¶ https://t.co/JrHLpOcQ8b
163,The #media closely follows the #automotive industry‚Äôs long journey towards reinventing itself against a backdrop of‚Ä¶ https://t.co/aPQM70YX5l
164,"hmmm chick fila has not receive eggs in month, is it because the corona virus or trade deals issues?  #XRP  #tradewar"
165,Phase 1 of the U.S.-China trade deal promises economic relief for farmers... eventually. Here is HUB‚Äôs advice on th‚Ä¶ https://t.co/aFHLAD4UsK
166,The thaw in US-Sino trade relations are clearly visible in Chinese commodity imports sourced from the US. Latest da‚Ä¶ https://t.co/CqHbWKChzr
167,"We now have 7wks of data for US exports of soybeans to China since the US-China phase 1 deal was agreed, 2wks of da‚Ä¶ https://t.co/5tcqVzblj9"
168,"What's the outlook ahead for the #DowJones, #nasdaq, #SP500 and #Gold prices you ask? Check out a collaborative pie‚Ä¶ https://t.co/8cbDcrG6jx"
169,@TomBrady seen visiting schools in #NashvilleTN #titanup @Titans @NFL #tradewar
170,A rapidly spreading #CoronavirusOutbreak is emerging as a potentially major new risk to the global #Economy and lea‚Ä¶ https://t.co/yWQ2kzdv7x
171,"Global Economic Outlook 2020: What Can We Expect? #Geopolitics #China #US #TradeWar #LongTermInvestments
Find out a‚Ä¶ https://t.co/vOKRWhjT4A"
172,"Not every farm files for bankruptcy, suggesting that the number of farms going out of business could be even higher‚Ä¶ https://t.co/ydMDB7g8wb"
173,"America's economy grew at its weakest pace since #DonaldTrump took office 

#GOPTaxScam #Resist #FBRParty #Qanon‚Ä¶ https://t.co/AybOklD37q"
174,"@elevenfifty @greenloopmktg Trending: Just when the #TradeWar was cooling, tech has a #NewChina problem‚Ä¶ https://t.co/78XcFkYpXq"
175,The whole world has lefted the pipe  #armangeddon #coronavirus #ImpeachmentTrials #tradewar #NorthKorea #China‚Ä¶ https://t.co/jesTsGqIII
176,2020 01 30 Correction of forecast in #Gold by @GOLDCOUNCIL #XAUUSD #XAGUSD #XPTUSD #XPDUSD #TradeWar‚Ä¶ https://t.co/q13DOLwMmI
177,2020 01 30 The Precious Metals Opportuniy in #XAUUSD #XAGUSD #XPTUSD #XPDUSD #Gold #Silver #Platinum #Palladium by‚Ä¶ https://t.co/veI78zpQAW
178,2020 01 30 The Precious Metals Opportunity. Correction XAU/USD 1 Month #XAUUSD #XAGUSD #XPTUSD #XPDUSD #TradeWar‚Ä¶ https://t.co/ZAQoogpdOm
179,2020 01 30 The Precious Metals Opportunity.Correction XAG/USD 1 Month #XAUUSD #XAGUSD #XPTUSD #XPDUSD #TradeWar‚Ä¶ https://t.co/jW84Ys8wf1
180,2020 01 30 The Opportunity Brexit. Correction EUR/GBP 30 minutes #EURUSD #EURGBP #GBPUSD #OpportunityBrexit #Brexit‚Ä¶ https://t.co/VGbSOXSLQs
181,2020 01 30 Opportunity Brexit Correction EUR/USD 30 minutes #EURUSD #EURGBP #GBPUSD #OpportunityBrexit #Brexit‚Ä¶ https://t.co/Ty7jM98Cnz
182,"And so it begins...

#ToryBrexit #BrexitShambles #trade #tradewar #chlorinatedchicken https://t.co/3WKMHpA9bt"
183,@tedlieu @stevenmnuchin1 @realDonaldTrump @GretaThunberg #tradewar ain't good for GDP or Americans. I think Don tre‚Ä¶ https://t.co/XlWHc4egRQ
184,"The #TrumpEconomy brought to you by #DonTheCon &amp; his stupid #tradewar 

#TheStockMarketIsNotTheEconomy https://t.co/aZ5PeWSFvP"
185,#Trump raises #Americans life expectancy while fighting the #TradeWar #WWIII #DeepState #Bolton 's #WW6 #Democrats‚Ä¶ https://t.co/X9DosMBU1A
186,"Despite the relaxation of the #tradewar between #Chinaüá®üá≥ and the #USAüá∫üá∏, mutual suspicions remain high. Not by chan‚Ä¶ https://t.co/Di8G2ohwAG"
187,"Thanks to this administration's volatility, #AmericasDairyland is getting hit the hardest with bankruptcy filings.‚Ä¶ https://t.co/XwuhCxTxkC"
188,Phase 1 of the U.S.-China trade deal promises economic relief for farmers... eventually. Here is HUB‚Äôs advice on th‚Ä¶ https://t.co/PXPMdi9LZA
189,"UK auto sector has seen multiple problems. As described by @Petercampbell1 in @financialtimes, trade disputes with‚Ä¶ https://t.co/k4I0llJquf"
190,Could the #CoronaVirus be #BiologicalWarfare to cripple #China's economy? Who would benefit from something so nefar‚Ä¶ https://t.co/Q6ctCqDDIa
191,"China‚Äôs Economic Woes Going into 2020 Part 1
By Dr. Antonio Graceffo
#Factories suspended due to #Coronavirus. Bord‚Ä¶ https://t.co/QHFwKQUVsq"
192,We have survived  #tradewar  last year and we will survive #cronavirus this year. News only accelerate the process sketched on the charts.
193,@IvankaTrump Reality: The US economy expanded last year at its slowest annual pace since a manufacturing slowdown i‚Ä¶ https://t.co/iXzYanc6ot
194,@IvankaTrump People's 3 jobs aren't working: The US economy expanded last year at its slowest annual pace since a m‚Ä¶ https://t.co/mYqSCnmctv
195,"King Socialist Trump, is apparently too dumb to do socialism correctly
#Socialism #TradeWar https://t.co/m4d30fmpKO"
196,"Day 1106:
The U.S. economy missed the 3% growth target for a 2nd straight year posting in 2019 its slowest annual g‚Ä¶ https://t.co/3sJP23BRTJ"
197,"US #Oil Exports Could Explode After Once In A Lifetime Power Shift In #China 

https://t.co/oGlLemGb1c

#energy‚Ä¶ https://t.co/BdLlG8c27h"
198,"#QuidProJared and #BeijingBarbie did sneaky thing in China

#TradeWar #TrumpCrimeFamily https://t.co/xpuXymz92N"
199,"NBC 3/7: Sure, there were temporary factors at play such as GM strike &amp;Boeing woes which disrupted trade flows. But‚Ä¶ https://t.co/8UQXu8jbsr"
200,@MurielBowser @MikeBloomberg @Mike2020 Vital news for both liberal style politics DC citizens require to prosper lo‚Ä¶ https://t.co/uTS7iJX7il
201,"Join respected money manager Mike Adams next week at #MoneyShow #Orlando to hear his predictions for #China, the‚Ä¶ https://t.co/jZd2CJtkOb"
202,"#tradewar
GREAT agencies=gardners
deployed for watering [the creation] https://t.co/FYpMa4NxoL"
203,I can't get used to learning more and more good stuff about this guy #Bernie2020 #NAFTA #tradewar Praise from a col‚Ä¶ https://t.co/MInbbhGBjO
204,"#Amazon fire
#Australia fire
2019 #nCoV2019 
#ClimateCrisis
#plastic pollution
#tradewar 
It's time to #livesimply‚Ä¶ https://t.co/I7tRSbaESF"
205,"Publication | #UnitedStates : #2020, a year of living dangerously @jl_proutat analyzes the dichotomy between econom‚Ä¶ https://t.co/Am15FD72Cd"
206,"@realDonaldTrump demanded USA business persons in China to come back to US to do their businesses there, they ignor‚Ä¶ https://t.co/NLuZLEfF7t"
207,@AirCanada Your flight cancellations have just added to the stigma of disease that can happen anywhere but now espe‚Ä¶ https://t.co/WuxMocG3O2
208,"Nice kind of #TradeWar, that #Coronavirus, huh? ü§¢ https://t.co/FHavPKZiLf"
209,"""closing out a year in which #GDP decelerated to its slowest pace in 3 years amid a continuing drag in #business in‚Ä¶ https://t.co/BsNKvDXpL3"
210,A wave of retail stores shutting due to #WuhanCoronovirus. #China Factories remain closed. Domestic consumption tak‚Ä¶ https://t.co/7uVRkKE0xK
211,"@HuXijin_GT At least the #tradewar is over, oh wait."
212,"Deck: How to Communicate Trade + Globalization in 2020

""The winners never speak up when it comes to trade agreemen‚Ä¶ https://t.co/jfbDGbUXNw"
213,"#US #Economic Growth Slowed To 2.3% In 2019, GDP Up 2.1% In Q4: Official

#economy #worldpowers #climatesecurity‚Ä¶ https://t.co/JCf0udqPbk"
214,"Do you research #ChineseHistory, #USHistory, #TradeWar, or other #TransPacific issues? Our world-class #BizHist arc‚Ä¶ https://t.co/ylr7u88P06"
215,"üá∫üá∏NEW: U.S. #GDP growth slows to 2.3% in 2019
The #economy grew 2.3% in 2019, a slower pace than the 2.9% in 2018.‚Ä¶ https://t.co/SE7S5zfl1B"
216,#TradeWar fallout https://t.co/HhYH0nzdlM
217,@washingtonpost It then sure raises the question if the #cononavirus is not a furtherance of the #tradewar ...The CIA version?
218,"A short but insightful interview on the dynamics of the grain trade with Pedro H. Dejneka, one of the leading exper‚Ä¶ https://t.co/4IRZBIy8TO"
219,"@WadeShepard I agree: slowdown (only partially to be attributed to the #TradeWar with the #US), #HongKong, #Taiwan,‚Ä¶ https://t.co/qb2edPDaXw"
220,It could be related to the current US-China #tradewar but it would be interesting to see if #BorisJohnson retracts‚Ä¶ https://t.co/VS0zaUuppM
221,"James Berger, Leader of Jia Law Group‚Äôs Global Enforcement Practice Group, Announces New US-China Expansion Linked‚Ä¶ https://t.co/jFKqjjPtOF"
222,"U.S. economy growth modest in Q4 2019 at 2.1% (annualized), misses 3% target for 2019 overall; #economy moderate‚Ä¶ https://t.co/kuizYvJvkx"
223,2020 01 30 Correction forecast in #GBP by @bankofengland #EURUSD #EURGBP #GBPUSD #TradeWar #CurrencyWar #G7 #China‚Ä¶ https://t.co/g4MacyqsjN
224,"Finding Europe‚Äôs Way: If Europe does not wake up to the realities of the new Sino-American rivalry, it could find i‚Ä¶ https://t.co/5YgD69b5Mi"
225,@JosephKahn Stipulation of #PHASE 1 #TradeDeal #TRADEWAR.   #USA 1 VS. #CHINA 0 .                    GO‚Ä¶ https://t.co/CaEYeoCBFP
226,"Forget US-China tensions over #tradewar, #SouthChinaSea. Here's new irritant.
#US House(HoR) passes bill (392-22) a‚Ä¶ https://t.co/AFv9EKUjbP"
227,2020 01 30 Correction of forecast in #OILUSD #WTIUSD #EURUSD #GBPUSD #USDJPY #USDCNY #TradeWar #CommoditiesWar #G7‚Ä¶ https://t.co/hc27Be9GcB
228,"A Short Course on the Chinese Economy, by Dr. Antonio Graceffo, available on Amazon
#china #economy #tradewar‚Ä¶ https://t.co/ZCzsYCYOJT"
229,#BIMCOs immediate past President Mr. Papagiannopoulos debate Chinese investments in Greece at #shippingfinance20 ev‚Ä¶ https://t.co/ZaMNQttOAl
230,Chinese Imports Of Tariffed Goods From The US Down 30 Million Tonnes- #bimco https://t.co/hhk6ZYNXrL. #tradewar
231,Any bad peace is much better than the best war. After #TradeWar Deal China is looking for the best #Copper M&amp;A deal‚Ä¶ https://t.co/qy7yCAUnXN
232,How about something a little more succulent when it comes to US-China... Not about #Wuhan #coronavirus or the‚Ä¶ https://t.co/q9dxL7MscO
233,2020 01 30 Correction of forecast #Gold in #India by @BloombergQuint and @Swans3a #XAUUSD #XAGUSD #XPTUSD #XPDUSD‚Ä¶ https://t.co/9qKg5P5imF
234,"US-Mexico border: ‚ÄòLongest ever‚Äô smuggling tunnel discovered.

https://t.co/ysd5OqvtJH

#mexico #border #us‚Ä¶ https://t.co/nu7PnyHrrz"
235,China coronavirus: US agriculture secretary unsure if trade deal farm purchase agreement will be affected #China‚Ä¶ https://t.co/GbRC1U7HhB
236,The #UAE‚Äôs top #banks have raised their foreign ownership limit while the #SaudiArabian markets regulator has also‚Ä¶ https://t.co/w9ovz0Kb1p
237,"@Wes_Andrews @viriyabot @petersgoodman Prior to US-China #TradeWar, global companies were already considering leavi‚Ä¶ https://t.co/pbOnO6tjyc"
238,Does anyone get the vibe that the whole world is kinda annoyed with @china lately? #cryptocurrency #tradewar #coronavirus #economy
239,"Prior to the US-China #TradeWar, global companies were already reconsidering their China strategies‚Äîthe‚Ä¶ https://t.co/7B9Nc0iY1A"
240,Asian stocks register six-day losing streak amid broad risk-off https://t.co/fDCVWOHeOa #Equities #Asia #RiskAversion #China #TradeWar
241,Could coronavirus scupper implementation of US-China trade deal? #China #china #tradewar #TradeDeals #TradeDeal‚Ä¶ https://t.co/ed90Mr7W2G
242,Thoughtful insights from #China expert David Mahon at @NorthAsiaCAPE event on the potential geostrategic impacts of‚Ä¶ https://t.co/cdJWCuEWzR
243,GBP/USD: Modestly flat above 1.3000 ahead of BOE https://t.co/Pzhto8dfrC #GBPUSD #BOE #RiskAppetite #TradeWar #China
244,"China's Coronavirus and Your Supply Chain: Dealing with Unknowns and False Diversification

#china #coronavirus‚Ä¶ https://t.co/QcaDEp2HIN"
245,"Freaking iPhone, cut out my email in half. That is going to cause miscommunication and world war Z.

That's it, I a‚Ä¶ https://t.co/ZXNyxBGRi4"
246,"Maybe that could be a formula for truce in the US China trade war.

#tradewar https://t.co/ocKlsTEYjs"
247,Published: #China‚Äôs #trade by the Numbers - @Medium  #economy #wealth #GDP #tradewar - https://t.co/lHJS8C3OiL‚Ä¶ https://t.co/43Pg2SWeWp
248,"#TradeWar How to drag down Communist China?

#ÁæéÂ¢®Âõ¥Â¢ô ‚Üí #‰∏≠ÁæéË¥∏ÊòìÊàò ‚Üí #Ê≠¶Ê±âËÇ∫ÁÇé https://t.co/euxHCfnJHe"
249,US agriculture secretary Sunny Perdue hopes China coronavirus will not affect trade war farm purchase agreement‚Ä¶ https://t.co/DpLlhn8stz
250,"There isn't going to be a Phase 2 deal..

Trump ally Steve Bannon is making a documentary 'takedown' of Chinese lea‚Ä¶ https://t.co/ULJzEgaGYy"
251,"#TradeWar How to drag down Communist China?

As of 29 Jan, the fatality rate of coronavirus is 2.2% (7711 confirmed‚Ä¶ https://t.co/ixunv6mGVT"
252,Cagle Cartoons https://t.co/67vOuhFSWe #davegranlund #tradewar https://t.co/44bjUtJ7Fz
253,"#TradeWar Is the US-Mexico one a smoke screen?

Why building the US-Mexico wall? What to prevent? How to control th‚Ä¶ https://t.co/0myMClACWi"
254,USD/CNH snaps two-day declines to 6.9750 amid fresh fears for China https://t.co/bs6zueJs7q #USDCNY #China #GDP #RiskAversion #TradeWar
255,"#TradeWar Why building the US-Mexico wall?

Bill Gates asked himself how bad a virus could do for humans and how to‚Ä¶ https://t.co/pkwJlDqYTt"
256,"Trump Threatens Retaliation On Proposed EU Carbon Taxes | Zero Hedge 
""Carbon taxes are a top priority¬†on EU Commis‚Ä¶ https://t.co/DpgU76SDtt"
257,"A Deeper Look at the Chinese Economy, From Mao to Xi Jinping and Donald Trump, by Dr. Antonio Graceffo, available o‚Ä¶ https://t.co/9HEnZoudTK"
258,"@WhiteHouse More movement than progress to get to NAFTA 2.0
But 
#TrumpIsCorrupt and his  #tradewar says it all"
259,"#China‚Äôs #Economic Woes Going into 2020 Part 1
By Dr. Antonio Graceffo
#Factories suspending due to #Coronavirus. B‚Ä¶ https://t.co/MhmPXhdUdL"
260,"NZD/USD clings to 0.6525/20 with eyes on coronavirus news, US GDP https://t.co/IOLoaTlrWT #NZDUSD #TradeWar #China‚Ä¶ https://t.co/KFcFSRhX5G"
261,"Americans lose jobs, China is stronger and more self sufficient and no one is any safer. #tradewar Xilinx cuts 300‚Ä¶ https://t.co/UHLaMdiFhL"
262,"#Tariffs will cost the average #US household $1,277 this year, new report says

https://t.co/EITwWDcZMu
#Trump‚Ä¶ https://t.co/0mMGaEUEPb"
263,"Each countries biggest trade trading partner from 1980-2018 in a GIF. 

China has now replaced the US as the world'‚Ä¶ https://t.co/AaXqj4NJ3o"
264,Chinese #Imports Of Tariffed Goods From The #US Down 30 Million Tonnes @BIMCONews #China #tariffs #seabornetrade‚Ä¶ https://t.co/rGrlhRDkk3
265,"Gold: Modestly flat around $1575, trade/coronavirus in the spotlight https://t.co/pLVdQSUgt6 #Gold #China #TradeWar‚Ä¶ https://t.co/dSAfMHI7vD"
266,"New #Coronavirus Poses Uncertainty To #Economic Outlook, Says US Federal Reserve Chairman

#breaking #worldpowers‚Ä¶ https://t.co/kI7Ny1JQGf"
267,"‚ÄúThe #trade deficit is still there. The #tradedeal didn‚Äôt fix,' said @DianeSwonk‚Ä¶'It‚Äôs exacerbated by cuts at‚Ä¶ https://t.co/3hrfQaWpm9"
268,"Euro MPs Set Seal On Brexit In Emotional Vote

#brexit #worldpowers #climatesecurity #unsc #breaking #news‚Ä¶ https://t.co/60sPgCRos6"
269,"Not sure yet what this will mean for Boeing Aerostructures in Melbourne, which is a significant contributor to the‚Ä¶ https://t.co/NPzkXFidQO"
270,Did a woman's #prophesies in 2010 accurately predict the 2018 US/#China #TradeWar? Learn more about this EXPLOSIVE‚Ä¶ https://t.co/ZQ4NKgf3qn
271,@realDonaldTrump #3M is bleeding jobs because of @realDonaldTrump #tariffs and #tradewar - FYI @BarackObama produced more jobs
272,WH Adviser Navarro: US will keep tariffs on China even if coronavirus starts hurting growth ‚Äì CNBC‚Ä¶ https://t.co/gilGU46ljl
273,"RISE ABOVE ECONOMIC UPDATE
WHO may declare global emergency
Fed upbeat on the economy
USMCA trade deal signed
Key e‚Ä¶ https://t.co/d4i5bhbD5a"
274,#TrumpPence #tariffs #tradewar are real-life attacks on US #economy #farmers &amp; #taxpayers! It‚Äôs #economicterrorism.‚Ä¶ https://t.co/zIkUVxSTZb
275,"How can Powell say that #coronaravirus will have a short-term impact on Chinese economy and negligible on US, when‚Ä¶ https://t.co/WSNax1xpyt"
276,"If I didn't know better, I'd say that the #Fed hasn't been too worried about #tariffs-led #consumer or any other ki‚Ä¶ https://t.co/ntjxWGSDiT"
277,"#CN-#US #Tradewar Ph1 outcome sees #China # buy #rareearths from US, some from facilities still under development.‚Ä¶ https://t.co/xSssvvKhmJ"
278,"Racism and Sinophobia lead to US semiconductor engineers getting laid off. Who knew?

War on Huawei and China has c‚Ä¶ https://t.co/yaRSkiwinf"
279,I just gloated about this. Very un-Canadian of me. üòî But I want Americans who still believe their country is envied‚Ä¶ https://t.co/rfbOWywC3q
280,Gains from trade through gravity variables in the world have increased from about 1.8% in 1950s to about 9.6% as of‚Ä¶ https://t.co/ZFy7Ny0mii
281,"""Traders are trying to assess how the contagious coronavirus will impact economies around the globe.""‚Ä¶ https://t.co/b5GYpmvUrM"
282,2/ Hardly a fair state of affairs really so I get his hard-line stance to try and get a fairer amount of access to‚Ä¶ https://t.co/62j5mLb026
283,"Although a phase-one deal was signed on January 15, until all #tariffs are lifted many adverse impacts from the U.S‚Ä¶ https://t.co/42SPeCTTdC"
284,@senrobportman You are forgetting the shortsighted and disastrous #tradewar Trump was itching to start. Again #shame https://t.co/n6JKOOT7xH
285,"The figure is still preliminary, and excludes #energy products (rarely a subject of #trade policy), but it's a sign‚Ä¶ https://t.co/P608gOfbcP"
286,#SupplyChain Innovations for Trade Conflicts https://t.co/alcfYOJAB0 @CFOjournal @deloittecfo #corpgov #CEO #CFO‚Ä¶ https://t.co/dSlSW5x9mc
287,New üá∫üá∏ USA SM-6 missiles are almost impossible to detect...current Anti-missiles Defense System won't be able to de‚Ä¶ https://t.co/aBMQIou3qZ
288,"Drop Huawei, Britain, or the Prince gets it! Wonder if Pompeo flew into town to put Boris Johnson under heavy manne‚Ä¶ https://t.co/um9YN7FJsy"
289,"From Dec, 2019: ""Our message to investors is the ETF space allows for various forms of trade war strategies to be a‚Ä¶ https://t.co/5oEtwszUVW"
290,"Check out Trade Data Monitor founder Don Brasher on South Carolina public radio discussing trade, tariffs and the i‚Ä¶ https://t.co/cjeAvtL8J7"
291,"""There are signs of recovery in global activity but the biggest risk ‚Äì trade ‚Äì is here to stay.""

#strategyvideo‚Ä¶ https://t.co/e4xn8DHxYG"
292,Phase 1 of the U.S.-China trade deal promises economic relief for farmers... eventually. Here is HUB‚Äôs advice on th‚Ä¶ https://t.co/3GqbQsNCTi
293,Mike has a free #eletter where he goes further into depth on the topics he speaks about on his #radio show! Sign up‚Ä¶ https://t.co/Wxy7l2hZDP
294,"During last week's Enodo quarterly conf call, we covered a variety of topics: The outlook for China in 2020, what t‚Ä¶ https://t.co/vwbRgCXSdU"
295,Mike has a free #eletter where he goes further into depth on the topics he speaks about on his #radio show! Sign up‚Ä¶ https://t.co/WvZfjUqTKU
296,"94- The Opium Wars, The Craziest Trade War with Meredith
https://t.co/BYuVwudxz4
#domesticpodcast #ladypodsquad‚Ä¶ https://t.co/EMdMxiOrhQ"
297,Phase 1 of the U.S.-China trade deal promises economic relief for farmers... eventually. Here is HUB‚Äôs advice on th‚Ä¶ https://t.co/M2dsrjRhfz
298,"-2-
and than the 1% will #EXTINCT also, cause they don't even know how to wipe their asses
#TrumpsWar #tradewar '‚Ä¶ https://t.co/mwuCLGJaN5"
299,"@RepMarkMeadows Thanks to the disastrous #tradewar many small farm owners lost their lands, for them this is too little, too late."
300,2020 01 29 Correction of forecast in #WTIUSD #OILUSD #TradeWar #CommoditiesWar #G7 #China #Russia #Iran‚Ä¶ https://t.co/rPoKNd8WGn
301,2020 01 29 The Opportunity Brexit Correction EUR/USD 1 Month #EURUSD #EURGBP #GBPUSD #OpportunityBrexit #Brexit‚Ä¶ https://t.co/A4vhwMBeYq
302,2020 01 29 The Opportunity Brexit. Correction EUR/GBP 30 Minutes #EURUSD #EURGBP #GBPUSD #OpportunityBrexit #Brexit‚Ä¶ https://t.co/6Gh4zIzflW
303,2020 01 29 The Precious Metals Opportunity. Correction XAG/USD 1 Month #XAUUSD #XAGUSD #XPTUSD #XPDUSD #TradeWar‚Ä¶ https://t.co/OUsQfzogqW
304,2020 01 29 The Precious metals Opportunity. Correction XAU/USD 1 Month #XAUUSD #XAGUSD #XPTUSD #XPDUSD #TradeWar‚Ä¶ https://t.co/4rPRg5rKOr
305,Tips to help #CPAs turn today‚Äôs #tradewar disruption into a competitive opportunity: https://t.co/qUgUbOGgl2 https://t.co/i3BuqDpctU
306,"2020 has opened with plenty of good news on the US #trade front! 
Check out #ThisTimeInTrade blog on the latest dev‚Ä¶ https://t.co/bd3cVGPkcj"
307,"Meanwhile, decoupling between the West and China continues apace. #tariffs #tradewar #duties‚Ä¶ https://t.co/zYwcoRJKXF"
308,2020 01 29 Correction of forecast in #Gold #China Crisis versus #XAUUSD by @ft #XAGUSD #XPTUSD #XPDUSD #TradeWar‚Ä¶ https://t.co/36TKNlX4m6
309,"If #china üá®üá≥ say ""potentially"" means it is already a fact that #coronavirus #nCoV2019 already bigger n more severe‚Ä¶ https://t.co/3kUulGvoPF"
310,"#Tariffs and the #tradewar complicated economics in the high and heavy sector in 2019, but the top 10 US gateways s‚Ä¶ https://t.co/KqoVG22l6M"
311,Phase 1 of the U.S.-China trade deal promises economic relief for farmers... eventually. Here is HUB‚Äôs advice on th‚Ä¶ https://t.co/e8TgXpGWXs
312,"- The world‚Äôs largest shopping event has become a ritual for Asia‚Äôs largest company.

#shopping #alibaba #event‚Ä¶ https://t.co/LuaDM5Osxh"
313,"During last week's Enodo quarterly conf call, I covered a variety of topics: The outlook for China in 2020, what to‚Ä¶ https://t.co/vJZkZqzwNE"
314,"Gartner polls #risk, #audit and #compliance executives each quarter about #EmergingRisks. Get the report here.‚Ä¶ https://t.co/EqEPzFuIcb"
315,@realDonaldTrump NOPE! WORSE OFF BECAUSE OF YOUR #tariffs #TradeWar &amp; #TaxScam!!! No raise last year either AND inc‚Ä¶ https://t.co/3b0N4Q1KTO
316,"@David_Leavitt The election result speaks for itself. Its like saying, the germans aren‚Äôt responsible for the holoc‚Ä¶ https://t.co/ox6WPCInYx"
317,A profound slump in #manufacturing and a #tradewar that has slowed economic growth in #China has led to a second ro‚Ä¶ https://t.co/upYhLEfEk6
318,"What Themes Will Dominate Oil in 2020?

https://t.co/9IWmAW6Zwq

#oilandgas #MENA #MiddleEast #NorthAfrica #ESG‚Ä¶ https://t.co/pYhBwY3jdZ"
319,"Amidst a fierce #tradewar, extended #Brexit negotiations and geopolitical turmoil in the Middle East, the‚Ä¶ https://t.co/PdhWSWxOPQ"
320,"The pound fell 0.1% against the U.S. dollar in early London trade at $1.3012. 
#forex #forexnews #USD #forextrading‚Ä¶ https://t.co/BEt29oBULl"
321,"Gartner polls #risk, #audit and #compliance executives each quarter about #EmergingRisks. Read the report here.‚Ä¶ https://t.co/B1GW89d1ZZ"
322,How the fortunes of a small number of firms can drive #recessions ... hold powerful pointers to the health of the i‚Ä¶ https://t.co/rLBzGWc7Mx
323,"The #US / #China #TradeWar dominates headlines, drawing investor attention to a vitally important but often underst‚Ä¶ https://t.co/zXcgRwphGX"
324,"‚ÄòSlap of the century‚Äô: Palestinians reject Trump Mideast plan.

https://t.co/N0zuYYojW7

#trump #palestinians #news‚Ä¶ https://t.co/Y7fM8PSinB"
325,FocusEconomics is happy to announce that Scope Ratings has joined our Consensus Forecast panel of economic analysts‚Ä¶ https://t.co/D4b3ZUx0yT
326,"Mike Pompeo flies to UK for talks amid US Huawei concern

https://t.co/KXf80dcFXi

#huawei #uk #us #concern #china‚Ä¶ https://t.co/XOqYK0VaAS"
327,LA IMPORTANCIA DE CHINA EN EL COMERCIO BILATERAL MUNDIAL Mapping China's Biggest Trading Partners - Is Your Country‚Ä¶ https://t.co/LxLeObd6ck
328,"""We closely followed the development in the #soybeans  trade between the US and China, as this is an important trad‚Ä¶ https://t.co/iO8ad57yjp"
329,"@Alam_Chaudry Sorry, I don't fully understand what you are asking me. Many supply chains are moving and have moved,‚Ä¶ https://t.co/PLQADHtaV4"
330,"More steps toward #decoupling of China, as #Wuhan #coronavirus, not #tariffs &amp; a #tradewar, speeds the isolation (f‚Ä¶ https://t.co/wVt5vb2sf9"
331,"@4eyedmonk @BashirAhmaad @_AfricanUnion @CyrilRamaphosa @ANCParliament - As I had expressed, the propaganda about t‚Ä¶ https://t.co/rv77h7spKB"
332,It‚Äôs not the #tradewar that might bring down Xi Jinping. Hello #Wuhan #Coronavirus: China's Xi is facing his greate‚Ä¶ https://t.co/IuWQWx9ehs
333,BBC News - Will the Bank of England cut interest rates? https://t.co/RVcinb7F9i #BoE #interestrates #inflation‚Ä¶ https://t.co/hDX8CF9bYk
334,"While the coronavirus' threat is serious, the reaction in the oil markets proved the fragility of the price stabili‚Ä¶ https://t.co/mlMy5jJ8L1"
335,"I don't know about you, but I seriously think that the spread of the #coronavirus was organized by certain intellig‚Ä¶ https://t.co/YdW0heS79W"
336,How China dominates global trade #trade #tradewar https://t.co/H55jbDCBaw
337,"#Coronavirus outbreak is China's #XiJinping‚Äôs greatest political challenge. 

Xi‚Äôs administration has long been cri‚Ä¶ https://t.co/PjQO0ZBkUp"
338,"European Parliament: MEPs set to approve Brexit deal in historic vote.

https://t.co/T0XU1eQYJt

#brexitdeal‚Ä¶ https://t.co/Oy3cwyPTBK"
339,US election and phase one deal risks ‚Äì Westpac https://t.co/efO75YbQvA #UnitedStates #Politics #TradeWar #China
340,"Bolivia‚Äôs Anez reshuffles cabinet after backlash.

https://t.co/TbbCKjVszL

#bolivia #cabinet #backlash #leadership‚Ä¶ https://t.co/pS7W8auoGc"
341,"Australian Inflation Edges Up 
and AFR China Virus Projection
PLUS Market impact of both !
https://t.co/A4qiCaRqSv‚Ä¶ https://t.co/OTfHhMGDCq"
342,@realDonaldTrump Ask the children ripped from their families. Ask the farmers who‚Äôve lost so much due to your insane #TradeWar
343,Apple partner Pegatron to start operation of factory in Vietnam by end of 2020 #Vietnam #Apple #Pegatron #China‚Ä¶ https://t.co/l54feWid6K
344,"GBP/USD: Modestly flat above 1.3020, Huawei talks in the spotlight https://t.co/fBGUmvf74w #GBPUSD #Brexit #TradeWar #Politics #BOE"
345,"#Thailand's cross-border #trade fell by 3.4% in 2019, weighed down by the strong baht, volatile foreign exchange an‚Ä¶ https://t.co/775fWElXZF"
346,"Check out my latest article: The China Cold War 
#china #tradewar #economics #economy #trade #coldwar #russia #USSR‚Ä¶ https://t.co/Ajamc3faeU"
347,China coronavirus could hit Beijing‚Äôs ability to meet US trade war deal import demands ‚Äì SCMP‚Ä¶ https://t.co/bunH3stlCC
348,Mapping China's Biggest Trading Partners - Is Your Country One of Them? https://t.co/jMofTs6cO3 via @howmuch_net‚Ä¶ https://t.co/uVEvjwkQSQ
349,@emar10001 @MarshiesMom @MatthewJshow @Alyssa_Milano @realDonaldTrump All this as other Americans who lost jobs or‚Ä¶ https://t.co/zAPzFovafy
350,GOP senator: Bankrupt farmers should be happy to 'sacrifice' for Trump https://t.co/dI3xjbuMts #tradewar
351,"Are ""market conditions"" are good enough now for China to switch to US pork üêñ from Denmark / EU? ü§î #PhaseOne‚Ä¶ https://t.co/GzlszBrQQl"
352,The China Tariffs by Dr. Antonio Graceffo: Dr. Graceffo explains that the reasons for the #China #tariffs and‚Ä¶ https://t.co/XW2PopSL8K
353,"Beyond the Belt and Road: China‚Äôs Global Economic Expansion, by Dr. Antonio Graceffo, available on Amazon
#china‚Ä¶ https://t.co/ecGZNZvvC5"
354,That's not what @realDonaldTrump said his #GOPTAXSCAM failed his #TradeWar failed. You voted you own it‚Ä¶ https://t.co/OpyFrCQWDk
355,Mapping China's Biggest Trading Partners - Is Your Country One of Them? https://t.co/4aYXzikBtW via @howmuch_net‚Ä¶ https://t.co/3gnRD82o5G
356,"@benedictrogers Why would we have a deal with a US company complicit with
- oppression of dissidents #Snowden‚Ä¶ https://t.co/DE4iZXjeR0"
357,"The Corona Virus in China is caused by The Trade Wars...  
Trump trade wars basically took away the non human grade‚Ä¶ https://t.co/1gtxRLHFRB"
358,"American Soybean farmers have had enough of Trump‚Äôs dangerous policies and shortsighted #tradewar. 

Vote for someome else in 2020. #kag"
359,"#ChinaLawBlog: Now, our China lawyers are constantly seeing Chinese factories going off and registering those trade‚Ä¶ https://t.co/Spk4isejif"
360,Could the #TradeWar with #China cause a #recession in the US? https://t.co/v0PtEOnoOt #podcast #investing
361,Could the #TradeWar with #China cause a #recession in the US? https://t.co/p0afwYNiJ3 #podcast #investing
362,"94- The Opium Wars, The Craziest Trade War with Meredith
https://t.co/BYuVwudxz4
#domesticpodcast #ladypodsquad‚Ä¶ https://t.co/ijwQE828xi"
363,"https://t.co/Jj8E0U3hDz: The tariff &amp; #TradeWar with #China did not go so well, so now it's #Europe's turn to be‚Ä¶ https://t.co/9Izc2Dt4im"
364,@reid_bj @Tom_Winter @rhonda_harbison Lieber is being just a typical American capitalist... This looks more like a‚Ä¶ https://t.co/zxAGLWZlXe
365,"What to Expect from International Trade Law in 2020
Tariffs and trade policy, trade litigation and export controls‚Ä¶ https://t.co/nKn3uXBjPH"
366,"""The U.S. has now officially endorsed managed trade. The jury is still out on whether the high cost of the trade wa‚Ä¶ https://t.co/Pzx75S0JnO"
367,"@SecPompeo @POTUS Sure, sure, sure... Like Phsse 1 #TradeWar? More hot, fetid air than actual progress"
368,"""2020s loom as a decade of living dangerously in the US-China relationship"": Kevin Rudd as reported by @jacobgreber‚Ä¶ https://t.co/AtREWAlTxl"
369,"#TradeWar #TechWar

The Chair of Harvard's Chemistry &amp; Chemical Biology Dept. arrested for secretly creating a lab‚Ä¶ https://t.co/udWW0u3Lec"
370,"#tradewar
in between,not fake news

Chinese President Xi Jinping instituted a ban on domestic ivory trade as part o‚Ä¶ https://t.co/SRMXKhKUKj"
371,"Does Phase One trade deal mean China will buy more hemp from the United States? https://t.co/bT7uW4gQrg

#china‚Ä¶ https://t.co/AJvUQTPdsv"
372,"10 Digital Marketing Trands

#DigitalMarketing #Mpgvip #defstar5 #Marketing #tradewar #contentmarketing #startup‚Ä¶ https://t.co/DQdGt1FKV0"
373,"Knowing the #PharmaceuticIndustry to be absolute cynical DICKS, that wouldn't surprise me the least little bit. -It‚Ä¶ https://t.co/0QLqM1NkJZ"
374,@bigskyfarmher I read that Canadian wheat exports to China increased 400% in the past two years thanks to the #TradeWar.
375,Trade War Biggest Blunder Ever Costing U.S. Bigly https://t.co/xZxFd52deC #tariffs #federalreserve #princeton‚Ä¶ https://t.co/0EN2tWsUv8
376,@JohnRMoffitt @JeffCrowder16 @DearAuntCrabby @SaysHummingbird @joncoopertweets @HougenJ @nazani14 @Monkeys2Fly‚Ä¶ https://t.co/twU30SHQhm
377,"@Kenneth22244129 I don't doubt it was an accident but isn't anythin new. A middle east coronavirus exists, and they‚Ä¶ https://t.co/TjflFJkXt1"
378,How the Trade War Impacts Regional Economies and Housing Markets #tradewar #tariffs #construction https://t.co/cKoqeSVwHe
379,This new trade deal sucks sucks SUCKS https://t.co/8uA9KqdbRj #tradedeal #notadeal #Trump #tradewar
380,What happened with #coronavirus? Secret laboratory in China have allowed virus to escape. It's not surprise. It had‚Ä¶ https://t.co/va2qp7FF61
381,@dmills3710 @DHSgov @POTUS @HHSGov @US_FDA @GenFlynn @ArmyChiefStaff @JudicialWatch @BernardKerik So #China may not‚Ä¶ https://t.co/UFYrWYURMN
382,"Global crude #steel output. The good, the bad &amp; the ugly.
#plus√ßachange #tradewar #winning (!) https://t.co/tS6pW1Ysuz"
383,"#Trump to increase products subject to metal #tariffs 

https://t.co/7tXmz9bQ9s
#TradeWar #TrumpTariffs #TrumpTradeWar #Steel #Aluminum"
384,2020 01 28 Correction forecast in #Gold by @ellesoreng in @Reuters #XAUUSD #XAGUSD #XPTUSD #XPDUSD #TradeWar‚Ä¶ https://t.co/amebOIyj3p
385,The China Tariffs by Dr. Antonio Graceffo: Dr. Graceffo explains that the reasons for the China #tariffs and‚Ä¶ https://t.co/TgJmUOc9aU
386,2020 01 28 The Precious Metals Opportunity. Correction XAU/USD 1 Month #XAUUSD #XAGUSD #XPTUSD #XPDUSD #TradeWar‚Ä¶ https://t.co/KYj7XLv4OU
387,#Vietnam attracts more containers amid US-China #tradewar https://t.co/zvquC3aVII https://t.co/zOuPKDkWs1
388,2020 01 28 The Precious Metals Opportunity. Correction XAG/USD 1 Month #XAUUSD #XAGUSD #XPTUSD #XPDUSD #TradeWar‚Ä¶ https://t.co/9oBA4d4IDY
389,"First the #antichrist become #MAGA #Messiah, then #tradewar bankrupts farmers (famine) #antivaxxers &amp; #coronavirus‚Ä¶ https://t.co/3TKQCoQ8sQ"
390,2020 01 28 The Opportunity Brexit. Correction EUR/GBP 30 minutes #EURUSD #EURGBP #GBPUSD #OpportunityBrexit #Brexit‚Ä¶ https://t.co/fe9r8Ov6b8
391,2020 01 28 The Opportunity Brexit. Correction EUR/USD 30 minutes #EURUSD #EURGBP #GBPUSD #OpportunityBrexit #Brexit‚Ä¶ https://t.co/1iCqlVLWay
392,Some think #Trump hasn't really achieved much for US #soybean farmers. Position yourself: https://t.co/HJsK5Us4DF‚Ä¶ https://t.co/tC2RUKOpOd
393,Mapping China's Biggest Trading Partners - Is Your Country One of Them? https://t.co/kr9tf2HmR7 via @howmuch_net‚Ä¶ https://t.co/ekuH2amuil
394,@realDonaldTrump All the farmers say no but you don't care about them anyway. #tradewar
395,@realDonaldTrump Ask the American #farmers who are still waiting to return to pre Trump #TradeWar levels of sales.‚Ä¶ https://t.co/l6yGlyRKYt
396,"@realDonaldTrump Are you better off now than you were three years ago?

#PresidentTrump #Trump #economy #politics‚Ä¶ https://t.co/m5c9sNFIYH"
397,$SPY FED Powell Pumping QE ..Only way to keep this Pig going ü§£üòÇü§£üòÇ $SPX $QQQ $IWM $DJI $AAPL $TSLA $FB $AMZN $GS‚Ä¶ https://t.co/wsLkaccubk
398,"The #USeconomy, which is still adjusting to the 18-month #tradewar despite the tenuous phase-one #tradedeal with‚Ä¶ https://t.co/CCqxNqVdDm"
399,"@kwelkernbc @PeterAlexander @NicolleDWallace @AriMelber 

A good question:  How is Ivanka Trump profiting?  Why doe‚Ä¶ https://t.co/Ij1Ce273pp"
400,"The tragedy playing out in US metals and manufacturing--lost jobs, dwindling capacity, plummeting share prices--as‚Ä¶ https://t.co/Esa9kEAmZf"
401,"#SomethingIWrote: #Trump slaps huge tariffs on Chinese exported #Viruses ses

#coronarviruses  
#TradeWar https://t.co/D8OR8xnogl"
402,Important insight on the new #Trump #steel #tariffs from a genuine industry expert.  #trade #tradewar https://t.co/n2t22xvQQK
403,Phase 1 of the U.S.-China trade deal promises economic relief for farmers... eventually. Here is the best way to po‚Ä¶ https://t.co/OfDD3urQ9b
404,"Amid continued #tradewar uncertainty, #retailers‚Äô strategic planning considerations are coalescing around mitigatin‚Ä¶ https://t.co/3XKZozSKY8"
405,Yes @SenJoniErnst this has been retweeted thousands of times you don't care about farmers and you lied. #TradeWar i‚Ä¶ https://t.co/Na5uaTdhz0
406,Read more about #section232 #steel and #aluminum #tariffs and #exclusions below.  #customs #tradecompliance‚Ä¶ https://t.co/H2WZdqEu3U
407,"Who's paying for the tariffs? It's not China, it's U.S. consumers, says Gianni Kovacevic, executive chairman of Cop‚Ä¶ https://t.co/lkn5Mmo0GC"
408,"If you‚Äôre hoping for a sunny forecast for global insolvencies, we‚Äôre sorry to disappoint. It‚Äôs looking rather cloud‚Ä¶ https://t.co/HELg6fOBz1"
409,"@handelsblatt @till_hoppe ‚ÄúIn A Trade War, Everyone Loses‚Äù ‚Äì @bakermckenzie Partnerin @anahita_thoms auf @Law360‚Ä¶ https://t.co/8CnloB7UBb"
410,"The U.S. dollar rose 0.1% to 98.01 at an 8-week high against its rivals. 
#forex #forexnews #USD #forextrading‚Ä¶ https://t.co/d5BzzYkNo9"
411,"As we walk away from our closest friends and neighbours, it's good to know we've got other allies we can rely on...‚Ä¶ https://t.co/dQ6h8GcNlu"
412,"The U.S. dollar rose 0.1% to 98.01 at an 8-week high against its rivals. 
#forex #forexnews #USD #forextrading‚Ä¶ https://t.co/f3dxUELXzJ"
413,"A phenomenal #dataviz showing global economic risks.

Countries hurt the most by a global #TradeWar...
1.‚Ä¶ https://t.co/MeLdmI0Sdv"
414,"Coronavirus prompts automakers to evacuate workers, weigh production delays at Chinese factories #Manufacturing‚Ä¶ https://t.co/bnb9iauZoC"
415,"In the new trade deal with the USA, China agreed to straighten its protection of intellectual property  #tradewar‚Ä¶ https://t.co/2JfxZFAg9R"
416,"#EU Will Not Ban #China's #Huawei, But Impose 'Strict' 5G Rules: Official

#tradewar #technology #trade #tariffs‚Ä¶ https://t.co/URSa3CiwQP"
417,"Why Bankruptcy Is a Forgone Conclusion for Ford Motor Company https://t.co/ouHxUhALjj via @ccnmarkets

So much winn‚Ä¶ https://t.co/9lBoCTyvIZ"
418,2020 01 28 ECB Banking Supervision Press Conference @ecb  @bankofengland @federalreserve #TradeWar #CurrencyWar‚Ä¶ https://t.co/48cbyV1R55
419,2020 01 28 Remembering ECB Conference Governing Council Press Conference @ecb @bankofengland @federalreserve‚Ä¶ https://t.co/bufiNtnk1E
420,"Big News! The keynote speaker and speakers have been announced for this year‚Äôs #UKSC20, with more speakers to be an‚Ä¶ https://t.co/SkmPCor0s6"
421,"@LevensonEdward @ssmithpolitical @NBCNews The #TrumpCrimeFamily is a family of KLEPTOCRACY, #CORRUPTION and #CRIME‚Ä¶ https://t.co/WIA8xkSheN"
422,"In US-China #tradewar, the #CoronaOutbreak is a blessing in disguise to #Washington. And so the media quickly talks‚Ä¶ https://t.co/1ZNGHc23aF"
423,2020 01 28 Correction forecast in Wuhan Crisis by @flacqua @endacurran @katiadmi in @business #TradeWar‚Ä¶ https://t.co/5ZOKyZThqj
424,"""Security Exceptions in International Trade and Investment Agreements"" (Mantilla Blanco/Pehl) - We are proud to pre‚Ä¶ https://t.co/nizZNLwpLj"
425,"Interview with Prof. Kishore Mahbubani, author of ""Can Asians Think?"" He gives me his insight on the #US- #China ba‚Ä¶ https://t.co/ukkzO1RCi8"
426,China's #Coronavirus Is The New #TradeWar $TIPS $IEF https://t.co/bLpHA2Ot7j
427,Britain seeks Huawei 'solution' as U.S. pressure mounts https://t.co/QGu8kDtoOm #tech #fintech #5G #trade #tradewar‚Ä¶ https://t.co/eYWbMPxvp8
428,Impossible for EU-UK trade deal by end of the year ‚Äì Germany‚Äôs BDI https://t.co/6pNo9t0EXU #Germany #Growth #TradeWar #Brexit
429,@mbaram @nytmike @maggieNYT #Trump started a #tradewar that was NEVER going to help the country to benefit THEM! It‚Ä¶ https://t.co/sQJNCoeI1P
430,"""If #Germany decides to ban #Huawei in 2020, China has every reason to believe the country sees #China as a hostile‚Ä¶ https://t.co/vk9PmKGjI5"
431,"The four themes that dominated #2019: US-China #tradewar, Central Banks reserved monetary policy #Fed, asset class‚Ä¶ https://t.co/XdFvWxSQgP"
432,Check out our Bull &amp; Bear-Certificates on #Soybeans: https://t.co/C1DG7zJGDg #structuredproducts #commodities‚Ä¶ https://t.co/vEHNM5hVtN
433,"MARKETS RECOVERED: On the aggregates, markets have surged ahead due to new positive sentiment and confidence from s‚Ä¶ https://t.co/XDCeSPE9vN"
434,UK to decide on Huawei 5G ban #tradewar #USChinaColdWar  https://t.co/o1uHWXJetA
435,"In all of 6 weeks that we have data for since US &amp; China reached ‚Äòphase one‚Äô agreement Dec 13 2019, US exports of s‚Ä¶ https://t.co/dd0cwOSIuF"
436,US Agriculture Sec. Perdue: Europe may secure quick trade deal with US - Politico https://t.co/6EWcSFeO5j #UnitedStates #TradeWar #Europe
437,Stunning Japanese Admission About China May Foreshadow Digital Currency Breakthrough via ‚Å¶@ForbesCrypto‚Å© #japan‚Ä¶ https://t.co/dkXKDJqgXc
438,"Ample liquidity, low rates, tech cycle trough, relaxed fiscal, and a trade war d√©tente are helping the outlook‚Ä¶ https://t.co/lx5DtTyReI"
439,"#coronavirus

#US companies suspend #China operations, restrict travel as coronavirus outbreak spreads

There goes‚Ä¶ https://t.co/DYuKNTbEXN"
440,.@BenSasse writes a pretty good (if completely unoriginal) #China threat game.  But is he willing to support the‚Ä¶ https://t.co/07SooS0Wqg
441,"Despite #USMCA, #Mexico &amp; #Canada just got hit with some US #steel #tariffs.  They were esp stiff for the former -‚Ä¶ https://t.co/Kg1h5OxEXh"
442,"@joniernst @realDonaldTrump You go girl!

Don't forget how many #farmers Trump's #tradewar has put into bankruptcy!‚Ä¶ https://t.co/K1sJeNYJ6L"
443,The #ShinyObject deflection of #Rudy wasn't doing anything illegal and #HunterBiden was. Two years #Republicans hel‚Ä¶ https://t.co/mOCDVxJVIw
444,China trying to win the trade war by sending us a dirty bomb. #tradewar #coronavirus https://t.co/f4W32yfCUf
445,"@business #SPX500 $SPX
#Dow $DJI

30% chance now US #Equity PEAKED.
IF SO, expect 50% #StockMarket Fall.

Next week‚Ä¶ https://t.co/Ekh8Nqawrf"
446,@dcexaminer Are they going to use these to pay for the trade deal ? #tradewar #money
447,"A Deeper Look at the Chinese Economy, From Mao to Xi Jinping and Donald Trump, by Dr. Antonio Graceffo, available o‚Ä¶ https://t.co/WHfdNyU3m8"
448,China deal might not bail out lobster industry this New Year https://t.co/CajJGmlIdB via @YahooFinance #Lobster #TradeWar #Maine
449,The risk is that #China has promised to buy products that it either will not need or would rather get from elsewher‚Ä¶ https://t.co/2FbHkXgJqS
450,On #IBDLive today we touched a bit on key market #psychology indicators... the $VIX jacked up 24% to 18.1 but still‚Ä¶ https://t.co/TUsEWXuqza
451,"94- The Opium Wars, The Craziest Trade War with Meredith
https://t.co/BYuVwudxz4
#domesticpodcast #ladypodsquad‚Ä¶ https://t.co/l7S7RDzn58"
452,"Opinion | #China Has a Big #Economic Problem, and It Isn‚Äôt the #TradeWar https://t.co/QhgH7yyzLd @YashengHuang‚Ä¶ https://t.co/8fqJS5dQRR"
453,@macjf @maddow @realDonaldTrump #wrong Sorry #millenial #tradewar means both sides take loses #China got crushed Th‚Ä¶ https://t.co/r6cxZjNzot
454,"Rise Above Economics Update
China virus impact 
European data
US stock futures Asia today 
https://t.co/yCqUQvgv7S‚Ä¶ https://t.co/tGoYTPyyHV"
455,"The #faketradedeal and the #Tradewar #China got the upper hand! @realDonaldTrump
https://t.co/VzZxJx5ohW"
456,"Phase One U.S.-China Trade Deal: A Big Boost or Unrealistic Solution for American Farmers?

#tradedeal #tradewar‚Ä¶ https://t.co/H1Xk2ucOL1"
457,After the rally comes the tears ‚Äì TD Securities https://t.co/um1jDo5zNB #RiskAppetite #Banks #China #TradeWar #Macroeconomics
458,Commerce Secretary Wilbur Ross said new rules are coming soon that will put more limits on U.S. companies supplying‚Ä¶ https://t.co/Xodohn8sq8
459,"2/4 BMO: In fact, long-term #bondyields are now coming within earshot of the record lows hit this past summer‚Äîat th‚Ä¶ https://t.co/I2zO0OWsZE"
460,"2/4 BMO: In fact, long-term #bondyields are now coming within earshot of the record lows hit this past summer‚Äîat th‚Ä¶ https://t.co/tQDBANLFaQ"
461,"Recession in 2020? Manufacturers Seem to Think So, Data¬†Shows https://t.co/gDgnkfOItD via @SourcingJournal‚Ä¶ https://t.co/z54xeCImwL"
462,"2019 provides the best template here.  Although the Fed used #tradewar as an economic pretext for rate cuts, there'‚Ä¶ https://t.co/S0N8tJih2c"
463,"#US threatens retaliation against #EU over proposed carbon tax

#TradeWar  #TrumpTradeWar

https://t.co/sGEnyYOJK3"
464,2019 #TradeWar has changed #China's OBOR dynamic -  western-style bankruptcies are a new and increasing reality.‚Ä¶ https://t.co/j7pp3AjFMd
465,"üì£ New Podcast! ""France and The US Make Peace over Digital Tax"" on @Spreaker #united_states #africa_business_radio‚Ä¶ https://t.co/aR7Dp4NR5L"
466,"#China deal might not bail out #lobster industry this year.

https://t.co/MsKdIWZq9w #US #chinatradedeal #tradewar‚Ä¶ https://t.co/Qqoqg0PTMy"
467,"Truly remarkable with 23 trillion in debt, highest farm foreclosure rate since the depression and a complete recess‚Ä¶ https://t.co/wANEpXbcm8"
468,"Just days after finalizing a Phase One trade deal with China, Trump threatens to impose tariffs on automobiles impo‚Ä¶ https://t.co/K4RPNVdT1J"
469,#US v #China #TradeDeal: what is it about? Main issues and implications in our latest article:‚Ä¶ https://t.co/PgM1saF5B7
470,Open Source Could Be a Casualty of the Trade War https://t.co/JDWpd4j0jD #Source #Be #TradeWar
471,"As #tariffs continue to impact the #supplement industry, companies continue to pivot in order to account for the ad‚Ä¶ https://t.co/jPPmps3pZf"
472,The new year has already brought a partial U.S.-China trade agreement to reduce #tariffs on some imported Chinese g‚Ä¶ https://t.co/DT4PTlf7aQ
473,The week in #business in five graphics #coronavirus #tradewar @Boeing @FinancialTimes @MarketWatch @WSJmarkets‚Ä¶ https://t.co/uzWgviVjuW
474,How @realDonaldTrump is losing Asia a bit more every day https://t.co/DYjIFWe3Ib #Asia #China #TPP #tradewar #Rocketman
475,"""The #data speaks for itself. With tariffs still at play and the #TrumpAdministration leaving the ability to slap a‚Ä¶ https://t.co/qlSLzdNHjT"
476,"While the #tradewar unwinds, the damaging ripple effects are still damaging some sectors of the economy and will ta‚Ä¶ https://t.co/B8gEUavERL"
477,A new report by the European Commission says forcing foreign businesses to share their technologies in exchange for‚Ä¶ https://t.co/7XYYHY4q3g
478,2020 01 27 The Precious Metals Opportunity by @KitcoGoldQuotes @KitcoGoldQuotes  #XAUUSD #XAGUSD #XPTUSD #XPDUSD‚Ä¶ https://t.co/F4UKM6lrZT
479,2020 01 27 The Precious Metals Opportunity. Correction forecast XAU/USD Q3 2019 by @GOLDCOUNCIL  #XAUUSD #XAGUSD‚Ä¶ https://t.co/LP2fMWWHwM
480,2020 01 27 The Opportunity Brexit. Correction EUR/USD 30 minutes #EURUSD #EURGBP #GBPUSD #OpportunityBrexit #Brexit‚Ä¶ https://t.co/jD4K5J1evF
481,2020 01 27 The Opportunity Brexit. Correction EUR/GBP 30 minutes #EURUSD #EURGBP #GBPUSD #OpportunityBrexit #Brexit‚Ä¶ https://t.co/jGpMDCJ8G7
482,2020 01 27 The Precious Metals Opportunity. Correction XAG/USD 1 Month #XAUUSD #XAGUSD #XPTUSD #XPDUSD #TradeWar‚Ä¶ https://t.co/fhdGW4WF1T
483,2020 01 27 The Precious Metals Opportunity. Correction XAU/USD 1 Month #XAUUSD #XAGUSD #XPTUSD #XPDUSD #TradeWar‚Ä¶ https://t.co/niKfUh0XZQ
484,Check out my thoughts on the Phase One trade agreement between the US and China and what it means for businesses an‚Ä¶ https://t.co/eg2KGMaMIW
485,"The US #chemicalsindustry took a big hit during the #tradewar. Now with phase one of a new trade deal, there are ho‚Ä¶ https://t.co/SOxHcUQYlo"
486,"""Asset reallocation should drive the #markets in 2020: new countries, new leadership, new sectors.
""For the coming‚Ä¶ https://t.co/Sh1KiO23yS"
487,@Jkylebass @DanRDimicco @WarrenPlatts @IanHFletch @MPerkins_UK Big investment banks cool on #Chinese IPOs on‚Ä¶ https://t.co/Xtz7bUiBAE
488,"$WYNN and $MGM have more than 35% exposure to Greater China. Others are big #tech names such as $AAPL at 30%, $INTC‚Ä¶ https://t.co/eqGmlctKHY"
489,#UK to impose tax on tech giants but risks US tariffs on car exports #tradewar across the pond is accelerating amid‚Ä¶ https://t.co/1nhDrRDSJU
490,We‚Äôre #Live at #DairyForum 2020 talking about the future of #trade in the #dairy industry and how the #tradewar wit‚Ä¶ https://t.co/TvjnK5NzGV
491,"$AAPL is most exposed big #tech firm to #China 

$NQ_F #NQ_F

Recycling insights from #tradewar analysis to‚Ä¶ https://t.co/LRNf8oJTio"
492,"Follow our ""sound science"" rules on food safety, U.S. Agriculture Secretary Perdue tells EU. Could presage tough U.‚Ä¶ https://t.co/e4COWoB0JG"
493,‚ö†Ô∏èImportant! Don't wait! Next stop in Anaheim will be in October. Stay updated on trade matters NOW! &gt;‚Ä¶ https://t.co/Xi1lewbCKz
494,"Trade war between USA and China turning out to be game changer for Pakistan with money floating from both side 
#tradewar
#viceasia"
495,$SPY ENGULFING +9 üò≥ü§ëü§ëü§ë $SPX $QQQ $IWM $DJI $AAPL $TSLA $FB $AMZN $GS $JPM $BAC $C $GOOGL $SPOT $XLE $BA $BABA $UVXY‚Ä¶ https://t.co/PXkV2Etmi6
496,"Despite US efforts to curtail growth of Huawei in the region, through trade restrictions and lobbying of government‚Ä¶ https://t.co/JCNgVzRtJg"
497,"Beyond all problems and events that World is going through, #coronavirus, #impeachment, #Iran, #tradewar between US‚Ä¶ https://t.co/TUSZu5XRv5"
498,"As bad as the U.S. and especially global economic fallout from the #ChinaVirus crisis could be, imagine how much wo‚Ä¶ https://t.co/0TbkkvCP73"
499,The #media closely follows the #automotive industry‚Äôs long journey towards reinventing itself against a backdrop of‚Ä¶ https://t.co/VxUgEVzzFb
500,First the #tradewar and now the #coronarvirus outbreak. #China is becoming an unreliable trading partner with a mor‚Ä¶ https://t.co/piGs9zPcmu
501,$SPY @realDonaldTrump @CNBCFuturesNow @SquawkCNBC $SPX $QQQ $IWM $DJI $AAPL $TSLA $FB $AMZN $GS $JPM $BAC $C $GOOGL‚Ä¶ https://t.co/HPiaIXyn2l
502,Franco-Italian chipmaker STMicro says it will shift production to Malaysia if there is a Huawei ban üá≤üáæ #asean‚Ä¶ https://t.co/i2IkxRMfw6
503,Up to next #tradewar - #EU27.  Need for success against EU increasing as talks w #CN did not (yet) lead to major PR‚Ä¶ https://t.co/UGNSAEU2q0
504,"The Australian dollar, which is exposed to the Chinese economy, dropped 0.8% to $0.6771. 
#forex #forexnews #USD‚Ä¶ https://t.co/pcAAJjGbie"
505,Part three of our series on the US-China trade war is live now. Find out what industry experts from both sides of t‚Ä¶ https://t.co/RMxkQhT2tr
506,"#isbfdailies
The US and China announced an initial trade deal that will roll back tariffs and boost Chinese purchas‚Ä¶ https://t.co/WsVQfKz8bF"
507,"#AgLaw HotLink: ""Trade War Impact on Ag Exports was Greater Than It Appears, Say Economists""‚Ä¶ https://t.co/TiOue7XawZ"
508,Today @WhirlpoolCorp announces results - analysts should be gearing up a new narrative as the US &amp; China work towar‚Ä¶ https://t.co/cIiumFRea3
509,The world's largest manufacturers of #shipping containers have issued profit warnings as the China-US #tradewar eat‚Ä¶ https://t.co/Y9fkIHFAJp
510,@HaulingWolves @Callum_Thomas Who would have thought less than 10 days ago that the monster FED rally since Sep 19‚Ä¶ https://t.co/fbgqKndO1F
511,@BradHuston Who would have thought less than 10 days ago that the monster FED rally since Sep 19 in $SPX will be st‚Ä¶ https://t.co/rP4zBCBGlU
512,#Trump tweets world he needs more #CN #tradewar concessions. In a CN gradually becoming preoccupied - rightly or no‚Ä¶ https://t.co/tqVNYiwne5
513,"A Deeper Look at the Chinese Economy, From Mao to Xi Jinping and Donald Trump, by Dr. Antonio Graceffo, available o‚Ä¶ https://t.co/DIM92KVpsO"
514,"#Japan's factory activity contracted for a ninth straight month in January but at the slowest pace in five months,‚Ä¶ https://t.co/YiBlQYr2DF"
515,"""Britain will need to tread carefully, and avoid being forced to pick sides in a trade war between the US and EU.""‚Ä¶ https://t.co/uv09Cio2r3"
516,If you could look into an economic crystal ball...what would you see ahead for 2020? @AllianzResearch tries to answ‚Ä¶ https://t.co/rjun38WeuK
517,ECB's Knot: Don't expect real change in rates in coming years https://t.co/DS2pBC87k0 #ECB #growth #investment‚Ä¶ https://t.co/Z31B1AhFly
518,#Protein content in the #CN #grain trade. #drybulk #shipping #tradewar #US #AU #CN #CA https://t.co/j1zopj4PEh
519,UK set to approve limited 5G role for Huawei https://t.co/SBXh9mAvtr via @financialtimes #tech #fintech‚Ä¶ https://t.co/pBNwclBndM
520,"üá™üá∫ From US-China trade ceasefire to #US-#EU #tradewar?
We expect the US administration's trade policy increasingly‚Ä¶ https://t.co/X50KXcXy9w"
521,"Three news over the weekend
1. Coronavirus spreads
2. #Apple and #Tesla
3. US-EU Trade war

#getinvested‚Ä¶ https://t.co/g9xAVAMcD4"
522,"Biological Warfare?
#coronarvirus #tradewar 

https://t.co/OgGxrGJ62I"
523,"US treasury warns Javid for tech firm tax 
TEHRAN (Iran News) ‚Äì Steven Mnuchin, the US treasury secretary has warne‚Ä¶ https://t.co/8M6Rp2reB1"
524,Pray for #China the country is shut out due to the spread of sudden virus called corona #TradeWar
525,How China Overtook the U.S. as the World's Major Trading Partner https://t.co/zHZYHLLPBX #China #economy #business‚Ä¶ https://t.co/DUAyvFD4nl
526,"#Tradewar, which brings uncertainties to the two largest world economies, has been the top-of-mind issue for invest‚Ä¶ https://t.co/hDAarHtl43"
527,"In spite of the #tradewar and tariffs, the future of #solar energy is optimistic, as renewable energy sector contin‚Ä¶ https://t.co/Rx0fSTnod5"
528,"Imo the biggest risk to stock now is not #coronarvirus or üáÆüá∑ or #tradewar 

It‚Äôs the increasing likelihood that Ber‚Ä¶ https://t.co/g1sO0pAoqI"
529,AUD/USD nears seven-week low around 0.6800 amid coronavirus contagion https://t.co/qgRSisrAM7 #AUDUSD #RiskAppetite #China #TradeWar #Iraq
530,"New to #tradecompliance ? Check out my YouTube videos to learn more about #USCustoms 
https://t.co/AZzqfxXbR3‚Ä¶ https://t.co/s4DJbQxrn8"
531,"As we said in our #Huawei post-G20 update, the Trump Admin is split between ""hawks"" and ""doves."" The split has yiel‚Ä¶ https://t.co/UCBKrjZ0Wm"
532,US 10-year yields drop to 15-week low amid coronavirus outbreak https://t.co/ZQh5dQfbSt #Bonds #UnitedStates #RiskAversion #China #TradeWar
533,@zerohedge #tradewar IP demands are real
534,"In a time when there is a Trade War, who benefits from Corona Virus ?

https://t.co/m5PykjHBQz #coronavirus‚Ä¶ https://t.co/01s7FNp3Ex"
535,Gold kick-starts the week with bullish gap-up to $1589 as coronavirus fuels risk aversion https://t.co/w7kpRyn4KX‚Ä¶ https://t.co/shnuGrTlPM
536,How #China Overtook the U.S. as the World's Major #Trade Partner &amp; Rumpled DonaldSkin had essentially ZERO impact o‚Ä¶ https://t.co/0ULAqoj13t
537,#China‚Äôs #TradeWar Recovery Is Now Seriously Threatened By #Coronavirus. #EIU estimates if this is like #SARS could‚Ä¶ https://t.co/yo8FFKMl2G
538,"Comics share deep truths. Phase 1 talks between China and US have been concluded, but it appears neither side benef‚Ä¶ https://t.co/uAr3o6J5WV"
539,"94- The Opium Wars, The Craziest Trade War with Meredith
https://t.co/BYuVwudxz4
#domesticpodcast #ladypodsquad‚Ä¶ https://t.co/N08dUy5CNt"
540,@ring @Huawei_Europe I am using your phone and so far I haven't experienced any issue. Why @Huawei phones are banne‚Ä¶ https://t.co/le7QCE9VEA
541,Trump administration expanded its trademark steel and aluminium tariffs ‚Äì Bloomberg https://t.co/V4YsEVF4na‚Ä¶ https://t.co/2KlIvTzO9Z
542,AUD/JPY drops to 13-day low around 74.20 as risk-off continues https://t.co/vkWRIY801G #AUDJPY #China #Iraq #TradeWar #RiskAversion
543,"AUD/USD: Bears ignore Aussie holidays, cheer coronavirus news at fresh multi-week low near 0.6815‚Ä¶ https://t.co/833H08jbOh"
544,The Economist | Tearing up the rule book via @TheEconomist: #TradeWar #TradeDeals #FreeTrade #trade #economics‚Ä¶ https://t.co/qigVXHwWbW
545,"ICYMI, these new #Trump #tariffs are a breakthru - &amp; IMO, long overdue.  They weaken the (serious) claim that dutie‚Ä¶ https://t.co/9OXt2dhApF"
546,Three rockets 'score direct hits on the US embassy in Baghdad' https://t.co/elzlMxkitW $SPY $SPX $QQQ $IWM $DJI‚Ä¶ https://t.co/2OkB1sbhrM
547,Brace yourself...another #TradeWar could be brewing also #SocialSecurity on the chopping block? Those stories and m‚Ä¶ https://t.co/sYevxSgkBm
548,How China Overtook The US As The World's Major Trading Partner #breaking #Trade #News #China #Trump #TradeWar‚Ä¶ https://t.co/CfzVjnccjS
549,Market Breadth is Losing Momentum! Time To Take Profits? Find Out More! WSC Technical Market Forecast Now Online!‚Ä¶ https://t.co/AzUGawEjrX
550,‚Äú[T]he Trump trade team is now turning its attention to a deal with post-Brexit U.K. and the ongoing stalemate at t‚Ä¶ https://t.co/n6TbV1KBlj
551,"@Al_Avina @MailOnline So which is worse? Betraying a faithful ally &amp; causing a secondary civil war in #Syria, or gi‚Ä¶ https://t.co/JvWiwM4Kmo"
552,@realDonaldTrump #Trump bribes #US farmers with $28 Billion because of failed #tradewar  - Phase 1 is a Zero Sum ga‚Ä¶ https://t.co/vwr5pamVjp
553,"So how soon will #democrats #Liberals switch the narrative from the #RussiaHoax to the new enemy, #China. #trump ha‚Ä¶ https://t.co/J22ljhvn1S"
554,Join us at @OutdoorRetailer Snow Show for an in-depth discussion with key experts on how your brand can alleviate t‚Ä¶ https://t.co/1ukVEOoQOH
555,"Wuhan is motor city in China and is home to GM, Nissan, Renault, Honda and Peugeot factories. Many facilities are c‚Ä¶ https://t.co/HyCJG1za5M"
556,US threatens retaliation against #EuropeanUnion over #carbon #taxes #tradewar @FinancialTimes @MarketWatch‚Ä¶ https://t.co/FxrRLNAKrO
557,"TRADE DIVERSIONS WILL INCREASE PROTECTIONIST TRADE PRACTICES AND ITS NEGATIVE CONSEQUENCES
 It will likely encourag‚Ä¶ https://t.co/L3EpxbsENJ"
558,"@NikkiHaley @1FreshTake You mean like #Trump's ""wall""?

Or, did you mean like Trump's #TaxScam?

Or, were you refer‚Ä¶ https://t.co/uBhzRJdosa"
559,"@BernForBernie20 #Bernie could say, in debate w/ Trump, you were RIGHT to press #China! It was the most ""anti-big-b‚Ä¶ https://t.co/iFRBUvEdO2"
560,Navigating the #tradewar: Global equity #investing during a time of economic turmoil. https://t.co/8NhbsgFagq
561,"94- The Opium Wars, The Craziest Trade War with Meredith
https://t.co/BYuVwudxz4
#domesticpodcast #ladypodsquad‚Ä¶ https://t.co/o3Er26IqoR"
562,This is why we need experts w/ historical knowledge.   #IP #IPR #China #tradewar . https://t.co/QCyQmcZqqp
563,"If you want to go fast go alone, if you want to go far go #together !
#Brexit #trade #tradewar #US #EU 
https://t.co/SCUlnpfUHE"
564,"""Denmark OK's US consulate in #Greenland months after spat with Trump"" Now the US can counter Chinese expansion int‚Ä¶ https://t.co/6s2Ht3DlwX"
565,@JBurchDC @ewarren @Discovery @WSJ @NatGeo @SEIU @dcpublicschools The labor unions serving DC provide services to g‚Ä¶ https://t.co/TJhXo6gAwP
566,Conspiracy theories abound in #coronarovirus ..100s  &amp; 1000s innocents are paying with thier life. Might be bigger‚Ä¶ https://t.co/Q6bc6QkALC
567,"""The University of Kansas made the decision to close its controversial Confucius Institute after a federal law dict‚Ä¶ https://t.co/TnwEuE1KAi"
568,"China's VC Business Turns Sour on Sino-U.S. Trade, Tech Wars - #VC #China #Tech #TradeWar #Equity  - via‚Ä¶ https://t.co/4B2K2lj321"
569,"The next fronts in the US trade war shift to Europe, UK #tradewar https://t.co/OUe0C4W2bW"
570,ICYMI: Cost of Trump‚Äôs #Tariffs Has Hit Entirely on US Businesses &amp; Households. LINK: https://t.co/SJ6CTbk5f4‚Ä¶ https://t.co/gZY9MGa6Dy
571,#Beijing published #CPC propaganda in the New York Times. Was the US allowed to publish pro democracy propaganda in‚Ä¶ https://t.co/7gGqwFJUCr
572,"2018.08.20
Hong Kong is the victim under the Chinese government. Many Hong Kong government projects are monopolized‚Ä¶ https://t.co/LYKF5maS6b"
573,"@sheryl992 @RevelationInYou FUNDAMENTALLY /1
Due to
the #USChina #TradeWar
and the issues of
Hong Kong, Uyghurs ,
a‚Ä¶ https://t.co/l6cpflOhnS"
574,"üòÇ Another World First by The Donald.

#TradeWar going on but.... BROMANCE!

#China #USA https://t.co/9wzEDblwfA"
575,"#China #decoupling is happening &amp; for a very different reason that #Tariffs &amp; a #tradewar. 

CNBC‚Äôs Eunice Yoon rep‚Ä¶ https://t.co/zXrARXUa9v"
576,"2018.08.12
U.S. Secretary of State Mike Pompeo is a sage, as he refuses to trust a country has bankrupted her credi‚Ä¶ https://t.co/w3AScJznuK"
577,"@GOP Among the biggest victims of Trump's MASSIVE CON on American families: steel workers, coal miners, farmers &amp; f‚Ä¶ https://t.co/GubgK5BcIm"
578,"Economists warn Trump policies will result in lost jobs &amp; lower wages.

Farmers are planting less, turning to autom‚Ä¶ https://t.co/v6J1de4rTf"
579,"China hid the #coronavirus till P1 of #tradewar was signed.
No coincidence, that China changed their stance recently."
580,"U.S. &amp; China Trade Tensions Touch Global Electronics Supply Chain

#china #tradewar #tradetensions‚Ä¶ https://t.co/CQgfeCaPCh"
581,"#TradeWar Is the US-UK one a smoke screen?

Why building the US-Mexico wall? What to prevent? How to control the ev‚Ä¶ https://t.co/p865O2rinP"
582,"@cathleendecker @JuddApatow @agearan You get when you get when you vote for @realDonaldTrump 
#farmers got #tariffs‚Ä¶ https://t.co/6uYohAh3Fe"
583,@realDonaldTrump ICYMI Your #tradewar and #tariffs have decimated the farming community. #AbuseOfPower‚Ä¶ https://t.co/2SWHkgTBNS
584,#57 Deadly Chinese Virus Coverup | Dr. June Teufel Dreyer https://t.co/g5YQd5xmKB #Coronavirus #DonaldTrump‚Ä¶ https://t.co/mhuH8R7yVH
585,"The #USA managed to add #manufacturing jobs in 2019 despite the ongoing #tradewar with #China. 

#America's Rust Be‚Ä¶ https://t.co/4O7pJPPJr0"
586,Trade War Biggest Blunder Ever Costing U.S. Bigly https://t.co/xZxFd5jO6a #tariffs #federalreserve #princeton‚Ä¶ https://t.co/2oZ8YSZHNu
587,"@jmullerhome @Anonylyzer13 indeed. how convenient that the virus chose this time of the year, also when #trump coul‚Ä¶ https://t.co/Z8wyn9pOdA"
588,üá∫üá∏ US says she remains committed to preserve FREEDOM OF NAVIGATION in South China Sea because it's a very important‚Ä¶ https://t.co/TNFDR0rX29
589,"Haven‚Äôt seen my latest video yet about the US Customs Broker Exam? Check it out below .

 #customs #importers‚Ä¶ https://t.co/QLvi9p5EoA"
590,"Asking China to police its own companies‚Äô IP theft is fundamentally flawed.

1. They‚Äôll lie and say they are. Even‚Ä¶ https://t.co/9VwGhEIrCK"
591,"The #Tariff &amp; #TradeWar with #China did not go so well, so now its #Europe's turn to be the #target https://t.co/AQnSqXpE4n"
592,@EdelmanPR @SWilliamsonFCLT Nation is a stakeholder too! #US #CCP #TradeWar
593,"‚ÄúAfter enjoying a brief tariff-induced sugar high last year, American steelmakers are reeling. Steel prices and com‚Ä¶ https://t.co/UQCWvUi1Ff"
594,"Trump Expands Aluminum, Steel Tariffs to Some Imported Products  https://t.co/EPu9dALQao @business @JoeDeaux‚Ä¶ https://t.co/5pngRpv2ud"
595,"94- The Opium Wars, The Craziest Trade War with Meredith
https://t.co/BYuVwudxz4
#domesticpodcast #ladypodsquad‚Ä¶ https://t.co/CefmrSOKFF"
596,Rocket ship with windows #patent #trademark #tradewar #billonare ##
597,"All of Trump's economic adviser's told him tariffs and trade wars was a bad idea. 

Now the #TrumpAdministration ad‚Ä¶ https://t.co/wAUgbVLGTO"
598,"I‚Äôve heard from many big fashion brands how the #tradewar had them restructure their supply chains, they moved  man‚Ä¶ https://t.co/YD3miC6Lzi"
599,"New #Episode #truecrimepodcast 
94- The Opium Wars, The Craziest Trade  #TrueCrime #History #PodcastHQ #OpiumWars‚Ä¶ https://t.co/TcAwtJ7G0O"
600,"Now that #tradewar worries are behind us, we have a new narrative of why $OIL is down #coronarovirus #OOTT. Reminds‚Ä¶ https://t.co/wwsX2Tfiup"
601,"Suprise, Trump‚Äôs destructive tariffs and trade policies fail again. #AreWeGreatYet #VoteBlue2020 #tradewar https://t.co/JHCJTHbEk8"
602,Phase 1 of the U.S.-China trade deal promises economic relief for farmers... eventually. Here is the best way to po‚Ä¶ https://t.co/za56Qaojmu
603,"How are American businesses suffering from the US-China trade war? 

#TradeWar https://t.co/iraulF99Z3"
604,"China Poised to Buy More From U.S., at the Expense of U.S. Allies https://t.co/kqWasu4YpB #nytimes #china #trade #agriculture #tradewar"
605,"#Breaking:
#POTUS45 TO PUT 45% #TARIFFS ON #CORONAVIRUS IMPORTS FROM #CHINA

@realDonaldTrump

#FunniestTweets‚Ä¶ https://t.co/Z1zOeshh53"
606,"94- The Opium Wars, The Craziest Trade War with Meredith
https://t.co/BYuVwudxz4
#domesticpodcast #ladypodsquad‚Ä¶ https://t.co/LLZ87JgfKc"
607,"Rep. Adrian Smith says Trump has been good for #Nebraska. 
U.S. Farm Bankruptcies Surge 24% on Strain From‚Ä¶ https://t.co/bQ3tGm2p2Y"
608,Coronavirus: Will Gold and Bitcoin Prices Rise as 2nd City in China Blocked? https://t.co/b0spbgd6mg #China‚Ä¶ https://t.co/yoppTvulCl
609,"Zheng Yongnian, the director of @CCG_org Academic Council, told CGTN as long as the #UnitedStates remains a capital‚Ä¶ https://t.co/YYqqTKLtjg"
610,"Remember that time when ""experts"" were saying that #tariffs don't work and #tradewar s can't be won?
https://t.co/Fb5VpgoMvL"
611,"@niubi #Coronavirus is just one of many reasons to cancel your trip to #China.
#xinjiang #hongkong #Tibet #Huawei‚Ä¶ https://t.co/rmpxagKLOL"
612,"Planning for under 30s.
.
.
.

#gambling #loss #mistakes #unknownstrategy #nationalstockexchange
#daytrading‚Ä¶ https://t.co/hTdNPVyVSJ"
613,‚óè NEWS ‚óè #theindependent #Privacy #Surveillance ‚òû #Trump administration threatens #tradewar with UK over digital (G‚Ä¶ https://t.co/k9zE89WyBx
614,"Amid Trump‚Äôs Impeachment Trial, Pompeo Plans Trip to Ukraine

https://t.co/8QEwjKeCF7

#ukraine #trump #impeachment‚Ä¶ https://t.co/R1m02VVXTo"
615,"#TradeWar 2018-2042 #ÁæéÊñπÊ±ÇÁÅ≠ #Â≠êËêΩ‰ΩïÂ§Ñ

Why building the US-Mexico wall? What is it to prevent?

From crusades to plagues‚Ä¶ https://t.co/iY25jZnqDg"
